x1,y1,z1,v1,x2,y2,z2,v2,x3,y3,z3,v3,x4,y4,z4,v4,x5,y5,z5,v5,x6,y6,z6,v6,x7,y7,z7,v7,x8,y8,z8,v8,x9,y9,z9,v9,x10,y10,z10,v10,x11,y11,z11,v11,x12,y12,z12,v12,x13,y13,z13,v13,x14,y14,z14,v14,x15,y15,z15,v15,x16,y16,z16,v16,x17,y17,z17,v17,x18,y18,z18,v18,x19,y19,z19,v19,x20,y20,z20,v20,x21,y21,z21,v21,x22,y22,z22,v22,x23,y23,z23,v23,x24,y24,z24,v24,x25,y25,z25,v25,x26,y26,z26,v26,x27,y27,z27,v27,x28,y28,z28,v28,x29,y29,z29,v29,x30,y30,z30,v30,x31,y31,z31,v31,x32,y32,z32,v32,x33,y33,z33,v33
0.4862414002418518,0.43249478936195374,-0.31177714467048645,1.0,0.4957478642463684,0.4114586412906647,-0.30100685358047485,1.0,0.5007715225219727,0.4107513427734375,-0.300881564617157,0.9999964237213135,0.5058242082595825,0.4098663032054901,-0.3009291887283325,1.0,0.483293354511261,0.41284072399139404,-0.2883339524269104,1.0,0.47931426763534546,0.41275134682655334,-0.2882724702358246,0.9999648332595825,0.47532978653907776,0.41294753551483154,-0.28835251927375793,1.0,0.5191095471382141,0.4162050783634186,-0.21716997027397156,0.9999849796295166,0.47753697633743286,0.4195265769958496,-0.16309040784835815,0.9997422099113464,0.49902892112731934,0.4518057107925415,-0.2808612883090973,0.999977707862854,0.48348721861839294,0.45250409841537476,-0.26505690813064575,0.9997971653938293,0.5612121820449829,0.4989882707595825,-0.14545293152332306,0.9999500513076782,0.45877084136009216,0.511441171169281,-0.10505044460296631,0.9993313550949097,0.6259232759475708,0.5966498851776123,-0.22821137309074402,0.9512326717376709,0.42392492294311523,0.6232738494873047,-0.21821942925453186,0.9444425702095032,0.6219794154167175,0.5034496188163757,-0.3104080557823181,0.8090578317642212,0.41558608412742615,0.5318265557289124,-0.36888810992240906,0.9588215351104736,0.6223809123039246,0.4630722403526306,-0.33641886711120605,0.5672856569290161,0.4092039465904236,0.5008001327514648,-0.39881402254104614,0.8358579874038696,0.6186007857322693,0.4479525685310364,-0.3151777982711792,0.570736825466156,0.40939992666244507,0.48575353622436523,-0.3813733160495758,0.8431645631790161,0.6128464937210083,0.46756184101104736,-0.3044702410697937,0.46806132793426514,0.41974663734436035,0.49874258041381836,-0.3658375144004822,0.8530750870704651,0.558064341545105,0.7010482549667358,-0.01483201701194048,0.9967136383056641,0.5003622770309448,0.7005214095115662,0.015267787501215935,0.9749148488044739,0.5694474577903748,0.7330277562141418,-0.39929839968681335,0.8815290927886963,0.45059823989868164,0.7275658249855042,-0.3005421459674835,0.8550401926040649,0.5766845941543579,0.8612540364265442,-0.11083327233791351,0.31979477405548096,0.4820123314857483,0.8400920629501343,-0.032308321446180344,0.7436171174049377,0.5766425132751465,0.8830351829528809,-0.08802329003810883,0.4369387924671173,0.4989527761936188,0.853253960609436,-0.009887783788144588,0.9052695631980896,0.5779704451560974,0.9115886092185974,-0.20754988491535187,0.4186268746852875,0.45277243852615356,0.9071845412254333,-0.09831023961305618,0.7247800827026367
0.48465126752853394,0.43387293815612793,-0.26373475790023804,1.0,0.49433189630508423,0.41247788071632385,-0.2537936568260193,1.0,0.4993239939212799,0.41148877143859863,-0.25352251529693604,0.999947190284729,0.5043473243713379,0.4102987051010132,-0.2536028027534485,1.0,0.48159337043762207,0.41415175795555115,-0.24102428555488586,1.0,0.47772082686424255,0.414053738117218,-0.2410581111907959,0.9995574355125427,0.4738413691520691,0.4142196774482727,-0.24123764038085938,1.0,0.5188637971878052,0.41486960649490356,-0.17228186130523682,0.9997758269309998,0.47718286514282227,0.4203528165817261,-0.1185527816414833,0.9982821941375732,0.49821653962135315,0.4532932639122009,-0.23430053889751434,0.9997362494468689,0.48349523544311523,0.45371177792549133,-0.21857604384422302,0.9980306029319763,0.5606914758682251,0.4994589388370514,-0.09906401485204697,0.9999165534973145,0.45994728803634644,0.5116252303123474,-0.06348871439695358,0.9994314312934875,0.62867671251297,0.5838953852653503,-0.15716733038425446,0.9930412769317627,0.4232712686061859,0.620583176612854,-0.1433604210615158,0.9840627908706665,0.6230787038803101,0.49798184633255005,-0.22756564617156982,0.9706177115440369,0.4154626429080963,0.534228503704071,-0.2720879912376404,0.9908022284507751,0.623785138130188,0.46059367060661316,-0.2519053816795349,0.9290571808815002,0.40914520621299744,0.5065838098526001,-0.299295037984848,0.9786948561668396,0.6186804175376892,0.4484961926937103,-0.2316783368587494,0.9349633455276489,0.4089486002922058,0.4915120005607605,-0.28670334815979004,0.9820815920829773,0.6130017042160034,0.4675213694572449,-0.22255592048168182,0.9161078333854675,0.41983285546302795,0.5027925968170166,-0.2699572741985321,0.9851096868515015,0.5526247620582581,0.7038990259170532,-0.010952533222734928,0.9978066086769104,0.49457573890686035,0.6999537944793701,0.011267299763858318,0.9843586683273315,0.5688886046409607,0.7360161542892456,-0.36108142137527466,0.9861873388290405,0.44922271370887756,0.7302044630050659,-0.27672868967056274,0.9375638961791992,0.5729609727859497,0.8648242354393005,-0.10159280151128769,0.7803730368614197,0.4787619113922119,0.8425258994102478,-0.03076639212667942,0.9249393343925476,0.5713697075843811,0.8887048363685608,-0.08129164576530457,0.9273890852928162,0.4965049624443054,0.8565991520881653,-0.009741661138832569,0.9876791834831238,0.5790818929672241,0.9135193824768066,-0.19644200801849365,0.9253271818161011,0.4468535780906677,0.9086776971817017,-0.0973866879940033,0.9560813307762146
0.48369765281677246,0.4339035451412201,-0.2797450125217438,1.0,0.4932122826576233,0.4120769202709198,-0.271168977022171,1.0,0.4983300268650055,0.410966157913208,-0.2709934115409851,0.9999836683273315,0.5034812688827515,0.40967410802841187,-0.27103403210639954,1.0,0.48042163252830505,0.4140009582042694,-0.2580973505973816,1.0,0.47641903162002563,0.41395658254623413,-0.2580813765525818,0.9998043179512024,0.4724041521549225,0.41417691111564636,-0.2581626772880554,1.0,0.5180349349975586,0.41438332200050354,-0.19358021020889282,0.9999334812164307,0.4755602777004242,0.42021772265434265,-0.13552913069725037,0.9991101622581482,0.49730873107910156,0.4533030688762665,-0.2511330842971802,0.9998993873596191,0.4822465479373932,0.45377764105796814,-0.23412999510765076,0.9989796280860901,0.5601340532302856,0.4981229603290558,-0.11429238319396973,0.9999672174453735,0.4600202143192291,0.5094360113143921,-0.07604330033063889,0.9996029734611511,0.6287842392921448,0.5860158205032349,-0.16823408007621765,0.9784599542617798,0.42191243171691895,0.617230236530304,-0.16327854990959167,0.9528911113739014,0.6235078573226929,0.49751344323158264,-0.23857958614826202,0.9072911739349365,0.41335082054138184,0.5300655364990234,-0.30353716015815735,0.9776608943939209,0.6240073442459106,0.4590853452682495,-0.2636615037918091,0.7691848278045654,0.40756702423095703,0.5007342100143433,-0.33224210143089294,0.9367771744728088,0.6193834543228149,0.4476800262928009,-0.2445252686738968,0.777021586894989,0.4084904193878174,0.4848202168941498,-0.3189701735973358,0.943050742149353,0.6135923266410828,0.4671153128147125,-0.23373150825500488,0.7112700343132019,0.4192253649234772,0.49813783168792725,-0.30193978548049927,0.9481250047683716,0.5525232553482056,0.7072201371192932,-0.011873818002641201,0.9966182112693787,0.49608221650123596,0.7009038925170898,0.01195143349468708,0.9714097380638123,0.5610476136207581,0.7302522659301758,-0.3757781684398651,0.8904805183410645,0.45011061429977417,0.7295560240745544,-0.28895509243011475,0.8398298025131226,0.5724557638168335,0.8582738041877747,-0.10471376031637192,0.5152048468589783,0.47887176275253296,0.8423453569412231,-0.03326816484332085,0.8530663847923279,0.5733581781387329,0.8814311623573303,-0.08332143723964691,0.6438664793968201,0.49616608023643494,0.8566149473190308,-0.011898922733962536,0.9608017206192017,0.5733823180198669,0.9068989157676697,-0.19921377301216125,0.7110911011695862,0.44537466764450073,0.9056215286254883,-0.09907562285661697,0.8864849805831909
0.4832974970340729,0.4335714876651764,-0.25523892045021057,1.0,0.4927428364753723,0.41191232204437256,-0.24644462764263153,1.0,0.49773088097572327,0.41091424226760864,-0.24624407291412354,0.9998416900634766,0.5027533769607544,0.40961769223213196,-0.2463386356830597,1.0,0.4802025854587555,0.41370531916618347,-0.23295685648918152,1.0,0.4763181805610657,0.41365793347358704,-0.23295597732067108,0.9979726672172546,0.4724051058292389,0.41388368606567383,-0.2330435961484909,1.0,0.5175962448120117,0.4139889180660248,-0.17050373554229736,0.9994943141937256,0.4756036400794983,0.42012396454811096,-0.1127023845911026,0.9922910332679749,0.4968706965446472,0.45298030972480774,-0.22768986225128174,0.9992436170578003,0.4822431206703186,0.45343998074531555,-0.21083447337150574,0.9917628765106201,0.559613823890686,0.49714550375938416,-0.0988789051771164,0.9999433755874634,0.46014198660850525,0.5085695385932922,-0.06108471006155014,0.9990637898445129,0.6275258660316467,0.5831356048583984,-0.15716135501861572,0.9791145324707031,0.423151433467865,0.6107027530670166,-0.14954999089241028,0.9425613880157471,0.6235076189041138,0.49632567167282104,-0.23751619458198547,0.9258947372436523,0.4132717251777649,0.5281015038490295,-0.3015359342098236,0.9831810593605042,0.6250450015068054,0.4583626985549927,-0.26324203610420227,0.8393216133117676,0.4073367118835449,0.5004772543907166,-0.3328523337841034,0.9668453931808472,0.6202646493911743,0.44762521982192993,-0.2453748732805252,0.8516125679016113,0.4082413613796234,0.4840025305747986,-0.32244807481765747,0.9728255867958069,0.6140176653862,0.46707746386528015,-0.23366346955299377,0.8089223504066467,0.4190407395362854,0.49684131145477295,-0.3015120327472687,0.9754458665847778,0.5499332547187805,0.7091265916824341,-0.012429012916982174,0.9972121119499207,0.4940454363822937,0.7032504081726074,0.012625152245163918,0.9720588326454163,0.5575452446937561,0.7301904559135437,-0.36710086464881897,0.9270762801170349,0.4500617980957031,0.7298458814620972,-0.2764061689376831,0.873114287853241,0.5714467167854309,0.8565174341201782,-0.1039368137717247,0.6423087120056152,0.4791018068790436,0.8407502174377441,-0.03139928728342056,0.861691415309906,0.5728341341018677,0.8799718022346497,-0.08286131918430328,0.767282247543335,0.49671417474746704,0.8552408218383789,-0.010644796304404736,0.9645399451255798,0.5736888647079468,0.9039242267608643,-0.19658945500850677,0.825570285320282,0.4468213617801666,0.9022269248962402,-0.09593324363231659,0.9015775918960571
0.48316359519958496,0.4329037666320801,-0.2725954055786133,1.0,0.49260514974594116,0.4113995134830475,-0.2634148895740509,1.0,0.4975908398628235,0.41049453616142273,-0.263309121131897,0.9999681711196899,0.5026151537895203,0.4093039631843567,-0.2633316218852997,1.0,0.4800987243652344,0.4130477011203766,-0.25014549493789673,1.0,0.4762100577354431,0.4129844307899475,-0.25012198090553284,0.9996519088745117,0.47229820489883423,0.41320180892944336,-0.2501590847969055,1.0,0.5171273946762085,0.4139036536216736,-0.18791991472244263,0.9999033212661743,0.4752858281135559,0.4195699393749237,-0.12889453768730164,0.9985289573669434,0.4965638220310211,0.4521480202674866,-0.24511945247650146,0.999828577041626,0.48172396421432495,0.4527108371257782,-0.22784194350242615,0.9982084035873413,0.5589903593063354,0.49701982736587524,-0.1157902255654335,0.9999659061431885,0.4599471986293793,0.5084555745124817,-0.07444335520267487,0.9993392825126648,0.6261386871337891,0.5823720097541809,-0.17989206314086914,0.9678595662117004,0.42455577850341797,0.6093117594718933,-0.1676606982946396,0.8516954183578491,0.6223790645599365,0.49427562952041626,-0.2618733048439026,0.8900542259216309,0.4132634997367859,0.5274990797042847,-0.31820476055145264,0.9492606520652771,0.6241865158081055,0.4568003714084625,-0.28872740268707275,0.7012952566146851,0.40747374296188354,0.4999951124191284,-0.34830212593078613,0.8642218112945557,0.6190613508224487,0.44699427485466003,-0.2713257372379303,0.7077293395996094,0.40859001874923706,0.4839019775390625,-0.3375738859176636,0.8782920837402344,0.612958550453186,0.4664589762687683,-0.2580396831035614,0.6358591914176941,0.41880154609680176,0.4966999888420105,-0.3183240294456482,0.8821717500686646,0.5489523410797119,0.7083010077476501,-0.015978805720806122,0.9982829093933105,0.49378982186317444,0.7051116824150085,0.01619824394583702,0.9857425689697266,0.549526572227478,0.7297459244728088,-0.3762466609477997,0.8596810698509216,0.44930610060691833,0.7279126644134521,-0.2743467688560486,0.8452104330062866,0.5711982846260071,0.8500312566757202,-0.10536561906337738,0.5695478916168213,0.4792778491973877,0.8389739394187927,-0.031412769109010696,0.8494279384613037,0.5734421610832214,0.8686829209327698,-0.08375407010316849,0.512358546257019,0.496926486492157,0.8530334234237671,-0.010707872919738293,0.9272857308387756,0.5720383524894714,0.9019331932067871,-0.19443538784980774,0.6408432722091675,0.4485996663570404,0.9020327925682068,-0.09470248967409134,0.8362674713134766
0.48208513855934143,0.43121445178985596,-0.26300737261772156,1.0,0.4915338158607483,0.4101213812828064,-0.25463607907295227,1.0,0.49646225571632385,0.4092433452606201,-0.2545332610607147,0.9999397993087769,0.5014298558235168,0.40813133120536804,-0.25456684827804565,1.0,0.47931355237960815,0.4117894172668457,-0.24097731709480286,1.0,0.4755168557167053,0.41175514459609985,-0.24095579981803894,0.9991760849952698,0.47170644998550415,0.41200023889541626,-0.2409883439540863,1.0,0.5157867670059204,0.41324353218078613,-0.1820666342973709,0.999752938747406,0.47511911392211914,0.4183157980442047,-0.1212843805551529,0.996492326259613,0.49525800347328186,0.4504292905330658,-0.23640844225883484,0.9996668100357056,0.4806702733039856,0.4512438178062439,-0.21865639090538025,0.9959859251976013,0.5575523376464844,0.4954814612865448,-0.10835704952478409,0.9999555349349976,0.4603847861289978,0.5071288347244263,-0.06900790333747864,0.9993634819984436,0.6249134540557861,0.5809182524681091,-0.1712431013584137,0.9690732359886169,0.4254356324672699,0.6060275435447693,-0.1642330139875412,0.8953105807304382,0.6207696795463562,0.49299731850624084,-0.2507079541683197,0.8916805982589722,0.41585880517959595,0.5250447392463684,-0.3165571987628937,0.9736262559890747,0.6222881078720093,0.45612457394599915,-0.27556881308555603,0.7137019634246826,0.4112904667854309,0.49859195947647095,-0.34701380133628845,0.920934796333313,0.6173794269561768,0.44563934206962585,-0.2583232522010803,0.7182297706604004,0.41290441155433655,0.4827025532722473,-0.3352504372596741,0.9279546737670898,0.6114600896835327,0.46501731872558594,-0.24639776349067688,0.636765718460083,0.42242851853370667,0.4960273802280426,-0.3159363865852356,0.9268220663070679,0.5487498044967651,0.7054468989372253,-0.016386132687330246,0.9978352189064026,0.4938088357448578,0.7027561664581299,0.016624081879854202,0.982926607131958,0.5481253862380981,0.7301165461540222,-0.3690471053123474,0.8600530028343201,0.44953495264053345,0.7290005087852478,-0.2749689817428589,0.8279473781585693,0.5703431367874146,0.8491415977478027,-0.10572223365306854,0.5464571714401245,0.48018431663513184,0.8387048244476318,-0.03222331404685974,0.8129369020462036,0.5731557011604309,0.8683029413223267,-0.08403851091861725,0.515127956867218,0.4976634979248047,0.8540159463882446,-0.011733106337487698,0.9220359921455383,0.5723289251327515,0.9003980159759521,-0.19555878639221191,0.6402327418327332,0.4494153559207916,0.8998427391052246,-0.09595903009176254,0.8220763206481934
0.4815956950187683,0.4308444559574127,-0.2639389932155609,1.0,0.4910215735435486,0.40970417857170105,-0.25580450892448425,1.0,0.4959583282470703,0.40894827246665955,-0.2557610869407654,0.9999237060546875,0.5009327530860901,0.4079761803150177,-0.25575682520866394,1.0,0.47879838943481445,0.41117531061172485,-0.24267666041851044,1.0,0.4749835431575775,0.41110357642173767,-0.24264076352119446,0.9987614154815674,0.47115975618362427,0.41131991147994995,-0.24264240264892578,1.0,0.5149429440498352,0.4130379855632782,-0.1838759481906891,0.9997350573539734,0.4743947386741638,0.41768646240234375,-0.12423683702945709,0.995015561580658,0.4946345388889313,0.4501233696937561,-0.23713938891887665,0.9996839761734009,0.4799535870552063,0.45059889554977417,-0.21974559128284454,0.9955009818077087,0.5567673444747925,0.4929336905479431,-0.10750725120306015,0.9999663829803467,0.4596529006958008,0.5049079656600952,-0.0703524500131607,0.9995267391204834,0.6233943700790405,0.5768700242042542,-0.16724441945552826,0.9459050893783569,0.42592787742614746,0.6052131652832031,-0.16851076483726501,0.7715897560119629,0.6196912527084351,0.48778584599494934,-0.24778392910957336,0.8035811185836792,0.4158875346183777,0.5245927572250366,-0.322166383266449,0.9017084240913391,0.6211369633674622,0.45054689049720764,-0.2744815945625305,0.5175548791885376,0.4117599129676819,0.4979754090309143,-0.3522728681564331,0.7053810954093933,0.6162847280502319,0.4400428235530853,-0.25863760709762573,0.5198550820350647,0.41324010491371155,0.4823462665081024,-0.34080153703689575,0.7205877304077148,0.6106281876564026,0.45930734276771545,-0.2441243678331375,0.42407315969467163,0.42215460538864136,0.4955607056617737,-0.3216454088687897,0.7093552350997925,0.5481939315795898,0.7018937468528748,-0.016731496900320053,0.9983104467391968,0.49378958344459534,0.7001742720603943,0.01698087528347969,0.9826734662055969,0.5469388961791992,0.7346862554550171,-0.36737650632858276,0.6403125524520874,0.4493868947029114,0.7304791212081909,-0.2789239287376404,0.7454997301101685,0.5702518224716187,0.8496467471122742,-0.10551328957080841,0.4143696129322052,0.48009204864501953,0.8416088819503784,-0.03308983892202377,0.7102400064468384,0.5735277533531189,0.8683263063430786,-0.08416580408811569,0.256641149520874,0.4975135922431946,0.8575888872146606,-0.012791571207344532,0.7935592532157898,0.5723510384559631,0.9008421301841736,-0.1974051594734192,0.4106493294239044,0.4495241641998291,0.9014205932617188,-0.0994873046875,0.6620231866836548
0.4805977940559387,0.4283881187438965,-0.2709789276123047,1.0,0.4898253083229065,0.4079597592353821,-0.2633238136768341,1.0,0.49476295709609985,0.4072151482105255,-0.26333335041999817,0.9999849796295166,0.49973660707473755,0.4062355160713196,-0.26329874992370605,1.0,0.4776868224143982,0.40945953130722046,-0.2500341236591339,1.0,0.47385793924331665,0.40947139263153076,-0.2499832659959793,0.9997634291648865,0.47001782059669495,0.4097523093223572,-0.24995148181915283,1.0,0.5138261318206787,0.4122770130634308,-0.1923574060201645,0.999936580657959,0.473240464925766,0.41702353954315186,-0.12994126975536346,0.9989558458328247,0.4937019348144531,0.44736671447753906,-0.2442152053117752,0.9999310970306396,0.4789960980415344,0.4483047127723694,-0.225925013422966,0.9989271759986877,0.5559563040733337,0.48886582255363464,-0.11209677159786224,0.9999759197235107,0.4600299894809723,0.5005618929862976,-0.07125908881425858,0.9997419714927673,0.622346043586731,0.5759485960006714,-0.16982722282409668,0.9545421600341797,0.4287084937095642,0.6039239168167114,-0.17333948612213135,0.8334833383560181,0.618239164352417,0.4846543073654175,-0.24685831367969513,0.7847287654876709,0.41669154167175293,0.5176735520362854,-0.3306560218334198,0.94096839427948,0.6196120381355286,0.4459857940673828,-0.27237796783447266,0.4208527207374573,0.4120231568813324,0.49078643321990967,-0.359453946352005,0.732172429561615,0.6147390604019165,0.4346621334552765,-0.25691866874694824,0.41209203004837036,0.4138949513435364,0.47422897815704346,-0.34637123346328735,0.7321825623512268,0.6094889044761658,0.4539530575275421,-0.24294903874397278,0.31512218713760376,0.42269110679626465,0.4882130026817322,-0.3295905292034149,0.7078886032104492,0.547909140586853,0.700302243232727,-0.019222445785999298,0.9979516863822937,0.4939453601837158,0.6960175633430481,0.01950679160654545,0.9829173684120178,0.5444952249526978,0.7450591325759888,-0.36520951986312866,0.7258126735687256,0.45164379477500916,0.7347779870033264,-0.2771680951118469,0.8072646260261536,0.5694925785064697,0.849708616733551,-0.1045762449502945,0.4141122102737427,0.4800456166267395,0.8451315760612488,-0.03042048215866089,0.7546411156654358,0.5735687613487244,0.8670094013214111,-0.08341138064861298,0.19129547476768494,0.4970826506614685,0.8621665835380554,-0.010056175291538239,0.7681611180305481,0.5718826055526733,0.9002448916435242,-0.19545984268188477,0.3261808753013611,0.4477616846561432,0.901781439781189,-0.0994090661406517,0.6473285555839539
0.4797154366970062,0.4198881685733795,-0.2999109923839569,1.0,0.48898810148239136,0.39956873655319214,-0.29254037141799927,1.0,0.49393779039382935,0.39876824617385864,-0.2925596535205841,0.9999986886978149,0.4989219605922699,0.39775609970092773,-0.2925131916999817,1.0,0.4769783616065979,0.4010097086429596,-0.2787777781486511,1.0,0.4731634557247162,0.40090006589889526,-0.2787063717842102,0.9999810457229614,0.4693387448787689,0.4010659158229828,-0.27864545583724976,1.0,0.5130164623260498,0.4032660126686096,-0.2199493944644928,0.9999954700469971,0.4725794196128845,0.40733808279037476,-0.15521524846553802,0.9999129772186279,0.49275222420692444,0.4384891986846924,-0.2724072337150574,0.9999924898147583,0.47797736525535583,0.4394431710243225,-0.25352388620376587,0.9998959302902222,0.555499255657196,0.4794948697090149,-0.13435432314872742,0.9999890327453613,0.4596826434135437,0.4899614453315735,-0.08952851593494415,0.9998345375061035,0.6218260526657104,0.5663707852363586,-0.1900952160358429,0.9937072396278381,0.4277407228946686,0.5939611196517944,-0.19544431567192078,0.9709427952766418,0.6181201934814453,0.4733942747116089,-0.25858381390571594,0.9504889845848083,0.41567984223365784,0.506293773651123,-0.3461897373199463,0.983463704586029,0.6196643710136414,0.4342215657234192,-0.28508496284484863,0.7547855377197266,0.41081327199935913,0.47794243693351746,-0.37509626150131226,0.8953880667686462,0.6145402193069458,0.4227122962474823,-0.2692246437072754,0.7513462901115417,0.4124593734741211,0.4624190330505371,-0.36202746629714966,0.8950735926628113,0.6094611883163452,0.4416850209236145,-0.2546265721321106,0.6745124459266663,0.42224550247192383,0.4760999381542206,-0.3453626036643982,0.8888457417488098,0.5476472973823547,0.6865893602371216,-0.01915040984749794,0.9996273517608643,0.4936274588108063,0.6853747367858887,0.019460752606391907,0.9963363409042358,0.5439777970314026,0.7488763332366943,-0.3660535216331482,0.9792509078979492,0.45353198051452637,0.7423451542854309,-0.265259712934494,0.9817342758178711,0.5686208605766296,0.8487197756767273,-0.0969722792506218,0.8284794688224792,0.4797264635562897,0.8455764055252075,-0.0030257839243859053,0.947818398475647,0.5730774402618408,0.8637408018112183,-0.07418664544820786,0.5545579791069031,0.4967837929725647,0.8617058396339417,0.018682483583688736,0.9187864065170288,0.5716131925582886,0.8979588747024536,-0.18776093423366547,0.7479887008666992,0.44713035225868225,0.9016388058662415,-0.07338832318782806,0.8962799906730652
0.4776225984096527,0.4099540412425995,-0.32756927609443665,1.0,0.48704013228416443,0.38944190740585327,-0.3208804726600647,1.0,0.4921500086784363,0.3886265158653259,-0.32092374563217163,0.9999998807907104,0.49729520082473755,0.38760867714881897,-0.32084202766418457,1.0,0.4749113917350769,0.39087244868278503,-0.306952565908432,1.0,0.47099342942237854,0.39075422286987305,-0.30687955021858215,0.9999979734420776,0.4670584797859192,0.3909144401550293,-0.30680277943611145,1.0,0.5116118788719177,0.3933354616165161,-0.2493155300617218,0.9999995231628418,0.47024470567703247,0.3972778022289276,-0.18287913501262665,0.9999889135360718,0.4909150004386902,0.42851749062538147,-0.3000072240829468,0.9999985694885254,0.47546449303627014,0.4296048879623413,-0.28070324659347534,0.9999806880950928,0.5553141236305237,0.4688679575920105,-0.15999184548854828,0.999992847442627,0.4570029377937317,0.4807605743408203,-0.1123025044798851,0.9999117851257324,0.6202353239059448,0.561982274055481,-0.22906267642974854,0.9835858345031738,0.4232184886932373,0.5853385329246521,-0.2203759402036667,0.9529327750205994,0.6160265207290649,0.4655839800834656,-0.31323128938674927,0.9340429306030273,0.40555158257484436,0.49559473991394043,-0.3662721514701843,0.9670971035957336,0.6179481744766235,0.42545390129089355,-0.34290164709091187,0.679685652256012,0.3980078399181366,0.46609506011009216,-0.39351752400398254,0.7448486685752869,0.6120889186859131,0.41298553347587585,-0.32641083002090454,0.658751368522644,0.4007464349269867,0.4519249498844147,-0.3799961805343628,0.7284642457962036,0.6071959733963013,0.4324571490287781,-0.3092719316482544,0.5412610173225403,0.4099652171134949,0.46629440784454346,-0.3653899133205414,0.7064059376716614,0.5481346845626831,0.6712747812271118,-0.020457971841096878,0.999646782875061,0.4931597113609314,0.6731894016265869,0.020811358466744423,0.9972266554832458,0.5425981879234314,0.7466657757759094,-0.3698498606681824,0.952293336391449,0.45232954621315,0.7383250594139099,-0.2637498378753662,0.9752351641654968,0.5651338696479797,0.8443755507469177,-0.09879221767187119,0.7727735042572021,0.47697457671165466,0.8455459475517273,-0.0148236732929945,0.9423936009407043,0.5690885782241821,0.8570104241371155,-0.0758763924241066,0.3774077892303467,0.4930397570133209,0.8611257076263428,0.006912259850651026,0.8660800457000732,0.5656067728996277,0.896851658821106,-0.188236266374588,0.5956552624702454,0.4453384280204773,0.9021688103675842,-0.0823906809091568,0.8719443678855896
0.4757305085659027,0.3987812101840973,-0.33755940198898315,1.0,0.484448105096817,0.37878358364105225,-0.3299974203109741,1.0,0.48951977491378784,0.3776506185531616,-0.3300318717956543,1.0,0.4946204125881195,0.37632250785827637,-0.32993966341018677,1.0,0.4722996652126312,0.3813644349575043,-0.31669676303863525,1.0,0.4683743119239807,0.38179636001586914,-0.3166237473487854,0.999998927116394,0.4644354283809662,0.38249099254608154,-0.31655022501945496,1.0,0.5090080499649048,0.3826901614665985,-0.2562967538833618,0.9999997615814209,0.4675865173339844,0.39048799872398376,-0.1930827796459198,0.9999921321868896,0.48952850699424744,0.41715046763420105,-0.30949917435646057,0.9999995231628418,0.47396594285964966,0.4197782874107361,-0.2910178303718567,0.9999915361404419,0.5552231669425964,0.4601145386695862,-0.17161643505096436,0.9999969005584717,0.4568834900856018,0.47576022148132324,-0.12521055340766907,0.9999566078186035,0.6194416880607605,0.5564419031143188,-0.26705241203308105,0.9727039933204651,0.4246963560581207,0.5821530818939209,-0.23900838196277618,0.9325311183929443,0.6156588792800903,0.4602135419845581,-0.389559805393219,0.9365196824073792,0.4064539968967438,0.4976314902305603,-0.4023418426513672,0.9601587057113647,0.6177845597267151,0.4210911691188812,-0.4241659641265869,0.7346637845039368,0.3990764319896698,0.47109827399253845,-0.43158596754074097,0.7504003047943115,0.6115467548370361,0.40700721740722656,-0.40823060274124146,0.7271082997322083,0.4016973376274109,0.45574551820755005,-0.41958969831466675,0.731621503829956,0.606587290763855,0.42650020122528076,-0.3864523768424988,0.5876216292381287,0.4107700288295746,0.469247430562973,-0.40174412727355957,0.693145751953125,0.549977719783783,0.6602490544319153,-0.021824609488248825,0.9998788833618164,0.4948393702507019,0.662718653678894,0.022183524444699287,0.9989270567893982,0.5380104780197144,0.7427938580513,-0.3777064383029938,0.9529867768287659,0.4524551331996918,0.7280607223510742,-0.2618921399116516,0.9739586114883423,0.5633416771888733,0.8411140441894531,-0.09675924479961395,0.8183672428131104,0.47671443223953247,0.8453832864761353,-0.010142331942915916,0.9571301937103271,0.5680810213088989,0.8529494404792786,-0.07356537878513336,0.42739176750183105,0.4933282732963562,0.8628036379814148,0.010156017728149891,0.8989434838294983,0.5625721216201782,0.8986961245536804,-0.18212249875068665,0.6684497594833374,0.4436000883579254,0.9055091142654419,-0.07946650683879852,0.8981575965881348
0.47520503401756287,0.38874006271362305,-0.33549964427948,1.0,0.48425278067588806,0.368908554315567,-0.3272829055786133,1.0,0.4894567131996155,0.3678065836429596,-0.3273095190525055,0.9999998807907104,0.4946797788143158,0.3665046989917755,-0.32721543312072754,1.0,0.4717257022857666,0.3714544177055359,-0.31430160999298096,1.0,0.46765145659446716,0.37187543511390686,-0.3142189681529999,0.9999978542327881,0.46357160806655884,0.37255236506462097,-0.3141691982746124,1.0,0.5091842412948608,0.373612642288208,-0.25023770332336426,0.9999992847442627,0.4663107395172119,0.3813745379447937,-0.18836256861686707,0.9999836683273315,0.48910173773765564,0.4077568054199219,-0.306221067905426,0.9999986886978149,0.4730437695980072,0.41016972064971924,-0.28815653920173645,0.9999780654907227,0.553650975227356,0.45154619216918945,-0.16721761226654053,0.9999963045120239,0.4567977488040924,0.4659681022167206,-0.11890649795532227,0.9999707937240601,0.6181347966194153,0.5434076189994812,-0.2618608772754669,0.9715728759765625,0.42514562606811523,0.5668977499008179,-0.22981683909893036,0.8170585632324219,0.6175901293754578,0.44158580899238586,-0.39452844858169556,0.9359649419784546,0.40601402521133423,0.4869082570075989,-0.39984095096588135,0.9249487519264221,0.6200075149536133,0.40210968255996704,-0.43402403593063354,0.7264693975448608,0.397696316242218,0.4624429941177368,-0.43165984749794006,0.6458852291107178,0.614242434501648,0.387708842754364,-0.4195718765258789,0.7191982865333557,0.4013349413871765,0.4478270709514618,-0.42222872376441956,0.6296611428260803,0.6094970107078552,0.40728670358657837,-0.3931949734687805,0.5936003923416138,0.41054898500442505,0.4602687358856201,-0.4007747173309326,0.6227428913116455,0.5500059127807617,0.6505293846130371,-0.025732707232236862,0.9998937845230103,0.4967110753059387,0.6530658006668091,0.026150062680244446,0.9990488886833191,0.5314998030662537,0.7281760573387146,-0.37373483180999756,0.9095680713653564,0.45074525475502014,0.7100086808204651,-0.25787580013275146,0.9085462093353271,0.5644725561141968,0.8311195969581604,-0.09255014359951019,0.7252499461174011,0.47598713636398315,0.8396075963973999,-0.003852038411423564,0.9221436381340027,0.5710967183113098,0.8425465822219849,-0.06940697878599167,0.34682828187942505,0.4941116273403168,0.8593720197677612,0.01676262356340885,0.8826082348823547,0.5617744326591492,0.8924641013145447,-0.17267300188541412,0.5171141624450684,0.43764981627464294,0.9016424417495728,-0.06775914132595062,0.8266224265098572
0.47508248686790466,0.38099148869514465,-0.3368886709213257,1.0,0.48361343145370483,0.3599981963634491,-0.3278467655181885,1.0,0.488807737827301,0.35861459374427795,-0.3278891444206238,0.9999998807907104,0.49401798844337463,0.35703399777412415,-0.32779034972190857,1.0,0.4710794985294342,0.36321309208869934,-0.3150019645690918,1.0,0.46693986654281616,0.36385613679885864,-0.314912348985672,0.9999978542327881,0.46279940009117126,0.3647347390651703,-0.31487762928009033,1.0,0.5082523822784424,0.3636481463909149,-0.24973919987678528,0.9999990463256836,0.46537700295448303,0.3736305236816406,-0.1879613697528839,0.9999827146530151,0.4891907572746277,0.39929160475730896,-0.3074760138988495,0.9999982118606567,0.4729231297969818,0.40267235040664673,-0.2895185649394989,0.9999722242355347,0.5530284643173218,0.44270434975624084,-0.16675910353660583,0.9999954700469971,0.45707616209983826,0.4582712948322296,-0.11625059694051743,0.999968409538269,0.6170501708984375,0.5375799536705017,-0.25451502203941345,0.956543505191803,0.4261678159236908,0.55892014503479,-0.22588877379894257,0.8341265320777893,0.615289032459259,0.438272088766098,-0.37134066224098206,0.900489091873169,0.4027937054634094,0.4760061800479889,-0.3950966000556946,0.9390019774436951,0.6172929406166077,0.3982222378253937,-0.40820637345314026,0.6145858764648438,0.3923841118812561,0.45034658908843994,-0.4259701669216156,0.6687358617782593,0.6115567684173584,0.38322368264198303,-0.39243847131729126,0.60024493932724,0.39610087871551514,0.4358316957950592,-0.4165923595428467,0.6473022103309631,0.6071580052375793,0.40267783403396606,-0.3689163625240326,0.4713902771472931,0.406027227640152,0.4482415020465851,-0.3961251676082611,0.6372678875923157,0.55189049243927,0.6416497230529785,-0.026988103985786438,0.9998086094856262,0.4985121190547943,0.64466392993927,0.027447056025266647,0.9987521171569824,0.5343257188796997,0.7236534953117371,-0.37934714555740356,0.8429859280586243,0.4520353674888611,0.7065892815589905,-0.2707333564758301,0.8574047684669495,0.5659416913986206,0.828513503074646,-0.09817998856306076,0.5432942509651184,0.47695985436439514,0.839391827583313,-0.015149436891078949,0.8842471837997437,0.5731569528579712,0.8387842178344727,-0.07517106086015701,0.23788070678710938,0.4948650896549225,0.858798623085022,0.005632468499243259,0.8326306343078613,0.5616548657417297,0.8927955627441406,-0.18061192333698273,0.3654745817184448,0.4395516514778137,0.9037030339241028,-0.08192805200815201,0.7616488337516785
0.47563543915748596,0.37061750888824463,-0.3711898624897003,1.0,0.4833989143371582,0.35013049840927124,-0.3604002296924591,1.0,0.48848795890808105,0.34862634539604187,-0.36041662096977234,1.0,0.493596613407135,0.34693002700805664,-0.3603232502937317,1.0,0.47102680802345276,0.35373422503471375,-0.34927940368652344,1.0,0.46685194969177246,0.35460785031318665,-0.3491797149181366,0.9999998807907104,0.462681382894516,0.3557327389717102,-0.3491467833518982,1.0,0.5069087147712708,0.3539009690284729,-0.27434027194976807,0.9999998807907104,0.4646546244621277,0.3652861416339874,-0.21960897743701935,0.9999986886978149,0.48941269516944885,0.3883725106716156,-0.33878618478775024,0.9999998807907104,0.47314387559890747,0.3924873471260071,-0.32282307744026184,0.999997615814209,0.5519091486930847,0.4334087073802948,-0.18940600752830505,0.9999980926513672,0.4565972685813904,0.45020467042922974,-0.14062312245368958,0.9999836683273315,0.6155841946601868,0.532071053981781,-0.2946666479110718,0.9897403717041016,0.4260789752006531,0.5533138513565063,-0.27232545614242554,0.9875649809837341,0.6141597628593445,0.4314573407173157,-0.42811769247055054,0.9692110419273376,0.4008711874485016,0.461728036403656,-0.45615869760513306,0.9960746765136719,0.6165329813957214,0.39044061303138733,-0.4643033444881439,0.8425716757774353,0.38948196172714233,0.4333550035953522,-0.487847238779068,0.9603502154350281,0.6107146143913269,0.3750273287296295,-0.4467042088508606,0.8269688487052917,0.3934958279132843,0.4191785454750061,-0.4745146632194519,0.9498410820960999,0.6059833765029907,0.39509081840515137,-0.4241582751274109,0.7146450877189636,0.4041011333465576,0.4329324960708618,-0.45535245537757874,0.9384157061576843,0.5513292551040649,0.6298654675483704,-0.03101835772395134,0.9999434947967529,0.4981984496116638,0.6342881917953491,0.03151612728834152,0.9995928406715393,0.5288459658622742,0.7197012305259705,-0.388580858707428,0.9863170981407166,0.4521631598472595,0.7050256729125977,-0.2516995072364807,0.9617087244987488,0.5670936107635498,0.8245861530303955,-0.09905122220516205,0.8663864135742188,0.475759357213974,0.8387991189956665,0.014106348156929016,0.9618657231330872,0.5757413506507874,0.8334153294563293,-0.07732059061527252,0.6761748790740967,0.4931073784828186,0.8581733703613281,0.03527243807911873,0.9366146326065063,0.5641351938247681,0.8970898985862732,-0.1801414042711258,0.7557371258735657,0.4405629634857178,0.9089744687080383,-0.04699541628360748,0.9192682504653931
0.4732515215873718,0.35918423533439636,-0.3694208264350891,1.0,0.4809580445289612,0.33990851044654846,-0.35979360342025757,1.0,0.48578062653541565,0.3386271893978119,-0.3597973883152008,1.0,0.49063143134117126,0.33716344833374023,-0.35971981287002563,1.0,0.4693605303764343,0.3430827856063843,-0.3478401303291321,1.0,0.46553319692611694,0.3438723385334015,-0.3477581739425659,1.0,0.46170416474342346,0.3449041247367859,-0.3477475941181183,1.0,0.5038130283355713,0.3439996838569641,-0.27875953912734985,1.0,0.46451061964035034,0.3538561761379242,-0.2210361212491989,0.9999995231628418,0.48659196496009827,0.37646082043647766,-0.33876144886016846,1.0,0.47137126326560974,0.3800364136695862,-0.32185813784599304,0.9999986886978149,0.549433708190918,0.4236891567707062,-0.19467267394065857,0.9999982118606567,0.45637840032577515,0.4388734996318817,-0.14074166119098663,0.9999868869781494,0.6114262938499451,0.5256925225257874,-0.29948002099990845,0.9913868308067322,0.423929363489151,0.541949987411499,-0.27155107259750366,0.9884953498840332,0.6125742197036743,0.42847299575805664,-0.43824535608291626,0.9780601859092712,0.39836546778678894,0.44936060905456543,-0.459960401058197,0.9957512617111206,0.6149033308029175,0.38896989822387695,-0.47339335083961487,0.888755738735199,0.38766634464263916,0.4198760688304901,-0.4909518361091614,0.957423746585846,0.6099236607551575,0.3718433678150177,-0.4574577212333679,0.8762551546096802,0.3913056254386902,0.40535637736320496,-0.47803574800491333,0.9456160068511963,0.6053876876831055,0.3911588788032532,-0.43454402685165405,0.7773208022117615,0.4015675187110901,0.4195697009563446,-0.4594246745109558,0.9312839508056641,0.5506473779678345,0.6176431179046631,-0.0330711230635643,0.999894380569458,0.4977494776248932,0.6219850182533264,0.03351134806871414,0.9993906021118164,0.5278370976448059,0.7175009846687317,-0.36767256259918213,0.990646481513977,0.4530942440032959,0.7043330073356628,-0.2165002077817917,0.9605295658111572,0.5671772360801697,0.8297853469848633,-0.10395816713571548,0.9223306179046631,0.47293633222579956,0.8419137597084045,0.02777690812945366,0.9528251886367798,0.5761538147926331,0.8418213129043579,-0.08400069177150726,0.698716938495636,0.4890643060207367,0.8632724285125732,0.04626888036727905,0.9194208979606628,0.5621873140335083,0.8970198631286621,-0.1884225308895111,0.8630884885787964,0.43701475858688354,0.9064280986785889,-0.036937374621629715,0.9261480569839478
0.4735110402107239,0.35145413875579834,-0.3843806982040405,1.0,0.4804449677467346,0.3331576883792877,-0.37324050068855286,1.0,0.48495522141456604,0.3318771719932556,-0.37325382232666016,1.0,0.4894893765449524,0.33041876554489136,-0.3732059597969055,1.0,0.46912747621536255,0.3367272615432739,-0.3629176616668701,1.0,0.4654797613620758,0.33772704005241394,-0.36281710863113403,0.9999997615814209,0.46183961629867554,0.3389352560043335,-0.36282244324684143,1.0,0.5015913844108582,0.33713361620903015,-0.2858888506889343,0.9999998807907104,0.4637746810913086,0.34818851947784424,-0.2360435277223587,0.9999990463256836,0.4861949384212494,0.3677002489566803,-0.35127222537994385,0.9999998807907104,0.47153741121292114,0.3717191815376282,-0.33681821823120117,0.9999966621398926,0.5488470792770386,0.4163586497306824,-0.1993258148431778,0.9999966621398926,0.4537599980831146,0.43089064955711365,-0.15756471455097198,0.9999828338623047,0.6109286546707153,0.5173571705818176,-0.31791016459465027,0.9790197014808655,0.41871851682662964,0.5247118473052979,-0.3026207387447357,0.9838460683822632,0.6135978102684021,0.427068829536438,-0.4744053781032562,0.945683479309082,0.39772719144821167,0.43923431634902954,-0.5061583518981934,0.9924731254577637,0.6156717538833618,0.3905479311943054,-0.5119287371635437,0.7714502215385437,0.3876160681247711,0.4130954444408417,-0.5398228764533997,0.9309968948364258,0.6109167337417603,0.37243491411209106,-0.4955649971961975,0.7528616786003113,0.3927600383758545,0.39993995428085327,-0.5280133485794067,0.9100539684295654,0.6066622138023376,0.38980069756507874,-0.4709552228450775,0.5804418325424194,0.40230345726013184,0.41295090317726135,-0.5059489011764526,0.8842477202415466,0.5499815940856934,0.6050068736076355,-0.031159590929746628,0.9996916055679321,0.4961148798465729,0.6101126670837402,0.03160189092159271,0.9980167150497437,0.5306293368339539,0.7183161973953247,-0.33994874358177185,0.9526123404502869,0.4526534974575043,0.7043765783309937,-0.23360535502433777,0.9280574321746826,0.5659193396568298,0.8353462219238281,-0.10147447884082794,0.788966953754425,0.4726136326789856,0.8412333726882935,0.007520556449890137,0.904987633228302,0.5746599435806274,0.8485047817230225,-0.08364860713481903,0.390694797039032,0.48869219422340393,0.8620425462722778,0.02568034827709198,0.8278447389602661,0.5595563650131226,0.9004741311073303,-0.19177046418190002,0.6713511943817139,0.43710875511169434,0.9039217829704285,-0.06795577704906464,0.8515284657478333
0.4720098376274109,0.33892929553985596,-0.35484927892684937,1.0,0.47939568758010864,0.3215729296207428,-0.34247344732284546,1.0,0.4838981032371521,0.3205633759498596,-0.3424796760082245,0.9999998807907104,0.4884355068206787,0.31936201453208923,-0.3424483835697174,1.0,0.4682345390319824,0.3246830403804779,-0.33169952034950256,1.0,0.46468815207481384,0.3256160616874695,-0.3315889835357666,0.9999994039535522,0.46114811301231384,0.32676056027412415,-0.3316298723220825,1.0,0.5007742643356323,0.3275381922721863,-0.25671035051345825,0.9999996423721313,0.4634973406791687,0.33685433864593506,-0.20443370938301086,0.9999972581863403,0.48453593254089355,0.3561730682849884,-0.3224845826625824,0.9999995231628418,0.4700008034706116,0.3595753014087677,-0.3077043890953064,0.9999911785125732,0.5469341278076172,0.40819597244262695,-0.17865949869155884,0.9999954700469971,0.4535028040409088,0.42362022399902344,-0.1233898177742958,0.9999861717224121,0.6091417670249939,0.5091489553451538,-0.29348817467689514,0.9815487265586853,0.41688790917396545,0.5208927392959595,-0.27618327736854553,0.9771667122840881,0.6120653748512268,0.41778475046157837,-0.452557235956192,0.9472035765647888,0.39604252576828003,0.4292701184749603,-0.4665701985359192,0.9888206124305725,0.6140776872634888,0.38170796632766724,-0.4910280704498291,0.7740911841392517,0.3863012492656708,0.40208473801612854,-0.4990510046482086,0.9071226716041565,0.6093064546585083,0.36348140239715576,-0.471017986536026,0.7587552666664124,0.3920608162879944,0.3876633644104004,-0.4876764416694641,0.8874144554138184,0.6050563454627991,0.3811725676059723,-0.44954386353492737,0.6119632124900818,0.4016451835632324,0.40090030431747437,-0.46665796637535095,0.8662822842597961,0.5505577921867371,0.6016570925712585,-0.033193621784448624,0.9996670484542847,0.49670735001564026,0.6064831018447876,0.03363081067800522,0.9980681538581848,0.5266129970550537,0.7180459499359131,-0.3608357310295105,0.961788535118103,0.4484879970550537,0.6984614729881287,-0.24006476998329163,0.8840397596359253,0.5660510063171387,0.8307859897613525,-0.11512456089258194,0.738341748714447,0.47129184007644653,0.8363888263702393,0.003176715923473239,0.8635396361351013,0.5746530294418335,0.8417083024978638,-0.09699048846960068,0.3062785565853119,0.48784321546554565,0.8562971949577332,0.022563183680176735,0.7688434720039368,0.5623511075973511,0.897747814655304,-0.20793309807777405,0.6359706521034241,0.4354022145271301,0.9013352394104004,-0.07325848191976547,0.8204615116119385
0.47143521904945374,0.33175888657569885,-0.35143816471099854,1.0,0.47942185401916504,0.3131408393383026,-0.3405628800392151,1.0,0.48404279351234436,0.3123190701007843,-0.34055498242378235,1.0,0.4886883795261383,0.3113156855106354,-0.3405147194862366,1.0,0.4681691527366638,0.31534022092819214,-0.32879722118377686,1.0,0.4645971357822418,0.31580376625061035,-0.3286975026130676,0.9999998807907104,0.4610354006290436,0.31646206974983215,-0.32874351739883423,1.0,0.5012739300727844,0.31835097074508667,-0.2576245069503784,0.9999998807907104,0.46356821060180664,0.3245813548564911,-0.20302169024944305,0.9999995231628418,0.4839100241661072,0.3486153185367584,-0.3202977478504181,0.9999997615814209,0.4691120982170105,0.3509131073951721,-0.3045032024383545,0.9999972581863403,0.5462924838066101,0.3965153098106384,-0.17902500927448273,0.9999929666519165,0.4528006613254547,0.4113601744174957,-0.11933966726064682,0.9999793767929077,0.6086000204086304,0.495777428150177,-0.2963264286518097,0.9739815592765808,0.41998666524887085,0.513389527797699,-0.26079341769218445,0.9710809588432312,0.6116154789924622,0.4067755341529846,-0.44809699058532715,0.9505159854888916,0.40025418996810913,0.42010772228240967,-0.4537409842014313,0.9914924502372742,0.613618016242981,0.3717380166053772,-0.4849608838558197,0.7918511033058167,0.39098697900772095,0.39216580986976624,-0.48606404662132263,0.9351725578308105,0.6085984706878662,0.35394933819770813,-0.4669554829597473,0.7691895365715027,0.3961331248283386,0.37785106897354126,-0.4754301607608795,0.9176788330078125,0.6044286489486694,0.37106645107269287,-0.4441440999507904,0.624291181564331,0.40566688776016235,0.3907790780067444,-0.45415759086608887,0.8987314105033875,0.5505227446556091,0.5885568857192993,-0.03405391052365303,0.9995319843292236,0.497056782245636,0.5938092470169067,0.03447679057717323,0.997593343257904,0.5309624075889587,0.7160652279853821,-0.3145553469657898,0.944059431552887,0.4486481249332428,0.6942322850227356,-0.21738624572753906,0.908645510673523,0.5671091675758362,0.830267608165741,-0.09806911647319794,0.7352825999259949,0.4714595675468445,0.83058762550354,0.007859342731535435,0.8897754549980164,0.5751873254776001,0.8409688472747803,-0.09013353288173676,0.32828739285469055,0.4875384271144867,0.8489409685134888,0.025128662586212158,0.8210824728012085,0.5629760026931763,0.8996565937995911,-0.20038874447345734,0.6153546571731567,0.4370650351047516,0.8976976871490479,-0.06353523582220078,0.8443328142166138
0.471008837223053,0.32051363587379456,-0.35125452280044556,1.0,0.4784153997898102,0.3035290837287903,-0.3406636714935303,1.0,0.48282283544540405,0.3027987480163574,-0.3406592607498169,1.0,0.4872550070285797,0.3018909692764282,-0.3406256437301636,1.0,0.4674951434135437,0.3058582842350006,-0.3287464380264282,1.0,0.46406540274620056,0.3064931333065033,-0.32864826917648315,0.9999997615814209,0.46064242720603943,0.30731290578842163,-0.32868456840515137,1.0,0.49925923347473145,0.30963611602783203,-0.25794944167137146,0.9999998807907104,0.46304112672805786,0.3163723945617676,-0.20315222442150116,0.9999990463256836,0.48317751288414,0.33747974038124084,-0.3204306960105896,0.9999998807907104,0.46885210275650024,0.34002548456192017,-0.3044653832912445,0.999997615814209,0.5461118817329407,0.390930712223053,-0.18682634830474854,0.999994158744812,0.452299028635025,0.4062652885913849,-0.1210612803697586,0.9999858140945435,0.6068426966667175,0.49379783868789673,-0.3271714746952057,0.9718827605247498,0.42376503348350525,0.5104079246520996,-0.25749728083610535,0.9672380685806274,0.6118840575218201,0.3939816653728485,-0.4978373050689697,0.9509830474853516,0.4020195007324219,0.4180887043476105,-0.47614622116088867,0.9946706891059875,0.6146944761276245,0.3551667630672455,-0.5357820987701416,0.8074033856391907,0.39257389307022095,0.3923388719558716,-0.510493278503418,0.9663773775100708,0.6105604767799377,0.3371988832950592,-0.5185961723327637,0.7961521744728088,0.39715898036956787,0.3759557902812958,-0.50180584192276,0.9583904147148132,0.6059093475341797,0.3551149070262909,-0.4942127764225006,0.6484708189964294,0.40653443336486816,0.38820308446884155,-0.47740548849105835,0.9412574768066406,0.5497952699661255,0.5835318565368652,-0.03423673287034035,0.99952232837677,0.4961714744567871,0.5890905261039734,0.03464308753609657,0.9984368681907654,0.5324369668960571,0.7153904438018799,-0.3072572648525238,0.9398340582847595,0.449587345123291,0.6928152441978455,-0.21763114631175995,0.8850459456443787,0.5694525241851807,0.8299732804298401,-0.08967539668083191,0.7266024351119995,0.4718029499053955,0.8333724141120911,0.003987661097198725,0.8714354038238525,0.5776801705360413,0.841281533241272,-0.07729524374008179,0.27365896105766296,0.48718342185020447,0.8529018759727478,0.020807387307286263,0.7710908651351929,0.5653148889541626,0.8982594609260559,-0.18633677065372467,0.6261789798736572,0.4386346936225891,0.8994702100753784,-0.06892810761928558,0.8377735614776611
0.4701203405857086,0.30744946002960205,-0.3320784866809845,1.0,0.4774704873561859,0.2907755672931671,-0.3222624659538269,1.0,0.4818562865257263,0.29006633162498474,-0.3222646117210388,1.0,0.48626694083213806,0.28917932510375977,-0.32225483655929565,1.0,0.4666213095188141,0.29314500093460083,-0.30938732624053955,1.0,0.46322861313819885,0.29385122656822205,-0.3093019127845764,0.9999995231628418,0.45984283089637756,0.29473525285720825,-0.30930206179618835,1.0,0.4982492923736572,0.29750770330429077,-0.2458782196044922,0.9999997615814209,0.4623023569583893,0.304343581199646,-0.18548235297203064,0.9999983310699463,0.4822567105293274,0.32466238737106323,-0.3039959967136383,0.9999997615814209,0.46796950697898865,0.32736796140670776,-0.2862699031829834,0.9999964237213135,0.5444238185882568,0.3792480528354645,-0.17773929238319397,0.9999946355819702,0.45249801874160767,0.3968390226364136,-0.10477851331233978,0.9999849796295166,0.6083966493606567,0.4772794842720032,-0.3188742399215698,0.9750739336013794,0.4253581166267395,0.5040979981422424,-0.22633986175060272,0.937979519367218,0.6127742528915405,0.3744784891605377,-0.4734126925468445,0.9634089469909668,0.4021891951560974,0.4113612174987793,-0.45105117559432983,0.9944469928741455,0.6155921816825867,0.33430418372154236,-0.5108257532119751,0.8425350189208984,0.39312753081321716,0.3861861228942871,-0.4848736822605133,0.9713811874389648,0.6109635233879089,0.31755363941192627,-0.4937792420387268,0.8273283243179321,0.3974263072013855,0.3685832619667053,-0.48021382093429565,0.9661635756492615,0.6061035394668579,0.33666908740997314,-0.46974101662635803,0.7147982716560364,0.4068430960178375,0.3806016147136688,-0.45387253165245056,0.9532343149185181,0.5491663217544556,0.5774484276771545,-0.03514247387647629,0.9991133809089661,0.49608898162841797,0.5830488204956055,0.03548545017838478,0.9977194666862488,0.5320265889167786,0.7211897969245911,-0.28685349225997925,0.9197313785552979,0.4494740962982178,0.6905815601348877,-0.18718616664409637,0.7597354054450989,0.5694289207458496,0.8335185647010803,-0.0821777954697609,0.6851978898048401,0.47041845321655273,0.8348182439804077,0.007549171801656485,0.7988147139549255,0.5773407220840454,0.8445685505867004,-0.06854550540447235,0.19398939609527588,0.48586615920066833,0.8560604453086853,0.026838432997465134,0.7042089700698853,0.5649847388267517,0.8993869423866272,-0.17635248601436615,0.5690502524375916,0.4343429505825043,0.8968311548233032,-0.060665301978588104,0.777830958366394
0.4678427278995514,0.2964114844799042,-0.30970025062561035,1.0,0.47558408975601196,0.2805088758468628,-0.29983198642730713,1.0,0.47991952300071716,0.2800654172897339,-0.2998427748680115,0.9999998807907104,0.48428425192832947,0.27943211793899536,-0.29983311891555786,1.0,0.4648781716823578,0.2823130190372467,-0.2869141101837158,1.0,0.4615809917449951,0.28282198309898376,-0.2868384122848511,0.9999991655349731,0.458284467458725,0.28351661562919617,-0.28684142231941223,1.0,0.4964165687561035,0.2886369228363037,-0.22656133770942688,0.9999992847442627,0.46107062697410583,0.29343587160110474,-0.16539950668811798,0.999997615814209,0.47982192039489746,0.3146258592605591,-0.28298845887184143,0.9999995231628418,0.4657478332519531,0.3164977431297302,-0.2651246190071106,0.9999935626983643,0.5431221723556519,0.373092919588089,-0.1601162552833557,0.9999949932098389,0.4507331848144531,0.38941431045532227,-0.08806997537612915,0.9999915361404419,0.6087690591812134,0.47165659070014954,-0.27737632393836975,0.9686183929443359,0.4235900342464447,0.4973272979259491,-0.20315532386302948,0.927483320236206,0.6112185120582581,0.3686595559120178,-0.4202306866645813,0.9214449524879456,0.3956702947616577,0.40223830938339233,-0.42164182662963867,0.9914872646331787,0.6130183935165405,0.32825368642807007,-0.45602861046791077,0.6964787840843201,0.38516753911972046,0.37541690468788147,-0.45653992891311646,0.954882800579071,0.6082875728607178,0.31139490008354187,-0.4409357011318207,0.6830903887748718,0.3890758454799652,0.3584136664867401,-0.4525083601474762,0.9499905109405518,0.6039267182350159,0.3304227888584137,-0.4174324870109558,0.5567987561225891,0.39913859963417053,0.3708702623844147,-0.42528781294822693,0.9352861642837524,0.5471976399421692,0.5705719590187073,-0.035158030688762665,0.999135434627533,0.4941229224205017,0.5761165022850037,0.035502512007951736,0.9970840811729431,0.532738208770752,0.7218047976493835,-0.27707239985466003,0.7982418537139893,0.4512656331062317,0.6905534267425537,-0.18392685055732727,0.665799081325531,0.5693830251693726,0.8354950547218323,-0.07753646373748779,0.5334244966506958,0.47122031450271606,0.834655225276947,0.011197591200470924,0.7367706894874573,0.5774650573730469,0.8475512266159058,-0.06399042159318924,0.11339261382818222,0.4871427118778229,0.8565252423286438,0.026204172521829605,0.6242827773094177,0.5642329454421997,0.8976342082023621,-0.17479762434959412,0.4239576756954193,0.4327796399593353,0.8946804404258728,-0.06282539665699005,0.7290135025978088
0.4644187092781067,0.2881825268268585,-0.2537404000759125,1.0,0.4725608229637146,0.2719492018222809,-0.24561432003974915,1.0,0.4768165051937103,0.27124446630477905,-0.2456185519695282,1.0,0.4811137616634369,0.27034732699394226,-0.24556216597557068,1.0,0.4624975323677063,0.2744142413139343,-0.22918322682380676,1.0,0.4595857262611389,0.27512797713279724,-0.2291320115327835,0.9999998807907104,0.4566620886325836,0.27604225277900696,-0.2291460931301117,1.0,0.49476903676986694,0.27907660603523254,-0.18231724202632904,0.9999998807907104,0.46152663230895996,0.2855508029460907,-0.10296078026294708,0.9999997615814209,0.47701773047447205,0.30630889534950256,-0.2308516502380371,0.9999998807907104,0.4640686511993408,0.3089657425880432,-0.2077324092388153,0.9999983310699463,0.5436791777610779,0.36473050713539124,-0.11857575178146362,0.9999967813491821,0.45257797837257385,0.383316308259964,-0.027573544532060623,0.999995231628418,0.6066665649414062,0.46205267310142517,-0.21541039645671844,0.9924100637435913,0.4212046265602112,0.4877852499485016,-0.12826944887638092,0.9835512042045593,0.6076969504356384,0.36634185910224915,-0.3430260121822357,0.9820117950439453,0.39279353618621826,0.3902771472930908,-0.32954418659210205,0.9972630739212036,0.6093323826789856,0.32866016030311584,-0.3804317116737366,0.8969312906265259,0.3811595141887665,0.36146917939186096,-0.36415284872055054,0.9797077775001526,0.6044955849647522,0.3119339942932129,-0.36637264490127563,0.8851377367973328,0.3859742283821106,0.34595897793769836,-0.358722984790802,0.9766888618469238,0.6006953120231628,0.3301536440849304,-0.34018635749816895,0.8283249139785767,0.3964967429637909,0.3589279055595398,-0.33328333497047424,0.9726602435112,0.5483671426773071,0.5668915510177612,-0.03782481700181961,0.9997645020484924,0.495211660861969,0.572572648525238,0.03811745345592499,0.9993695616722107,0.5349043011665344,0.7125669717788696,-0.28444215655326843,0.964146614074707,0.4536380171775818,0.6797141432762146,-0.16874025762081146,0.9396679997444153,0.5693565607070923,0.8320399522781372,-0.08842004835605621,0.8391942977905273,0.4740143418312073,0.8338237404823303,0.011628618463873863,0.9381449818611145,0.57600998878479,0.84515780210495,-0.07148335874080658,0.3070196211338043,0.49064818024635315,0.8586694598197937,0.0255973432213068,0.8682280778884888,0.5657659769058228,0.8952487707138062,-0.18864557147026062,0.7591685652732849,0.4333212971687317,0.8943184614181519,-0.06366860866546631,0.9345974326133728
0.4642268717288971,0.2827489972114563,-0.25593748688697815,1.0,0.47237950563430786,0.2661841809749603,-0.24677316844463348,1.0,0.47666510939598083,0.2653416395187378,-0.24676072597503662,1.0,0.4810038208961487,0.26431041955947876,-0.24668991565704346,1.0,0.4622112214565277,0.2689189314842224,-0.23042266070842743,1.0,0.45928096771240234,0.2696901261806488,-0.23037263751029968,0.9999998807907104,0.45633548498153687,0.2706751227378845,-0.230367973446846,1.0,0.49501338601112366,0.2730218172073364,-0.18052497506141663,0.9999998807907104,0.4613269865512848,0.2805047929286957,-0.10116331279277802,0.9999997615814209,0.4770289957523346,0.3011705279350281,-0.23236525058746338,0.9999998807907104,0.46405309438705444,0.3041776120662689,-0.20916235446929932,0.9999990463256836,0.5440930128097534,0.35710734128952026,-0.11428661644458771,0.9999982118606567,0.45153093338012695,0.380938857793808,-0.026994913816452026,0.9999971389770508,0.6074998378753662,0.4456319510936737,-0.20597060024738312,0.9934954643249512,0.41787010431289673,0.4855925142765045,-0.11704109609127045,0.9908396601676941,0.6073108911514282,0.346807062625885,-0.3219327926635742,0.9818457365036011,0.3901064693927765,0.38510963320732117,-0.2999499440193176,0.99769526720047,0.6093699336051941,0.3067679703235626,-0.3581044375896454,0.8897368311882019,0.37850362062454224,0.35423988103866577,-0.33038344979286194,0.9810093641281128,0.6041523814201355,0.29272687435150146,-0.34512537717819214,0.8717955946922302,0.38318824768066406,0.33846208453178406,-0.3222740888595581,0.9783601760864258,0.6001245379447937,0.31181836128234863,-0.3198931813240051,0.8222097158432007,0.39357927441596985,0.35211148858070374,-0.30224883556365967,0.9747271537780762,0.5483874678611755,0.561643660068512,-0.03772440552711487,0.9998370409011841,0.4938076138496399,0.5696312189102173,0.03803827986121178,0.9996753931045532,0.5371530652046204,0.7012085914611816,-0.3036775290966034,0.9881991147994995,0.45401638746261597,0.6755355596542358,-0.17092126607894897,0.9754379987716675,0.568204402923584,0.8319440484046936,-0.10476453602313995,0.940660834312439,0.47543054819107056,0.8325440883636475,0.011895853094756603,0.9699961543083191,0.5725208520889282,0.8491863012313843,-0.08588427305221558,0.4400060474872589,0.49238643050193787,0.8601070642471313,0.024434125050902367,0.925897479057312,0.5671792030334473,0.8911526203155518,-0.1899435818195343,0.8931281566619873,0.43287283182144165,0.8906831741333008,-0.0687655359506607,0.9676538705825806
0.4651618003845215,0.2742775082588196,-0.2588638663291931,1.0,0.47280532121658325,0.25726941227912903,-0.24943968653678894,1.0,0.4770830571651459,0.2562730014324188,-0.2494231015443802,1.0,0.4814204275608063,0.25509560108184814,-0.24937136471271515,1.0,0.4625042974948883,0.26039642095565796,-0.2353537529706955,1.0,0.45945748686790466,0.261353075504303,-0.23531503975391388,0.9999997615814209,0.456398069858551,0.2625223696231842,-0.2353123128414154,1.0,0.4946569800376892,0.2639665901660919,-0.18084585666656494,0.9999997615814209,0.460642009973526,0.2726842761039734,-0.11185161024332047,0.9999995231628418,0.47775763273239136,0.29233047366142273,-0.23413026332855225,0.9999998807907104,0.46455153822898865,0.29595330357551575,-0.21390020847320557,0.9999983310699463,0.5425387024879456,0.3476146459579468,-0.11090395599603653,0.9999977350234985,0.4501359462738037,0.3736797273159027,-0.037717580795288086,0.9999955892562866,0.605712354183197,0.4356856346130371,-0.19875837862491608,0.9882990121841431,0.41335171461105347,0.4805256426334381,-0.12792916595935822,0.9897210001945496,0.606700599193573,0.33483126759529114,-0.3160484731197357,0.9772800207138062,0.38781794905662537,0.37738853693008423,-0.3051057457923889,0.9977444410324097,0.6093565225601196,0.29462215304374695,-0.3495560586452484,0.8782073855400085,0.3777478337287903,0.34647929668426514,-0.3340667486190796,0.982481062412262,0.6041204333305359,0.2807285487651825,-0.3383205533027649,0.8592161536216736,0.3825577199459076,0.3299379348754883,-0.3250994086265564,0.9801102876663208,0.5995936989784241,0.2997266948223114,-0.3145920932292938,0.8033140897750854,0.39236772060394287,0.3437180519104004,-0.3064720630645752,0.9759497046470642,0.5461040735244751,0.5538945198059082,-0.036522455513477325,0.9996902942657471,0.4916701316833496,0.5629953742027283,0.036706823855638504,0.9993564486503601,0.5356890559196472,0.7069939374923706,-0.27552762627601624,0.9808713793754578,0.4552641808986664,0.6755165457725525,-0.1505119651556015,0.9421268701553345,0.5665310621261597,0.8348875045776367,-0.10459717363119125,0.9258754253387451,0.4755963683128357,0.8325024247169495,0.018747098743915558,0.9464758634567261,0.5701742172241211,0.8519702553749084,-0.0839039534330368,0.3827954828739166,0.4918195605278015,0.8603933453559875,0.02804582379758358,0.8786225318908691,0.568200945854187,0.8927929401397705,-0.1959838569164276,0.8575007915496826,0.43455275893211365,0.8892713785171509,-0.06625241786241531,0.9432440400123596
0.46263575553894043,0.2608311176300049,-0.2669043242931366,1.0,0.4712206721305847,0.24502351880073547,-0.2591550946235657,1.0,0.4754258096218109,0.24469567835330963,-0.2591192126274109,1.0,0.4796832203865051,0.2441953420639038,-0.2591201663017273,1.0,0.46146100759506226,0.24640727043151855,-0.2436278611421585,1.0,0.45868435502052307,0.24678976833820343,-0.24359647929668427,0.9999996423721313,0.45588749647140503,0.2473759949207306,-0.24358394742012024,1.0,0.4930758476257324,0.2539093792438507,-0.1961093544960022,0.9999995231628418,0.46102985739707947,0.2566332519054413,-0.12178871780633926,0.9999992847442627,0.47471103072166443,0.2797362506389618,-0.2439022958278656,0.9999996423721313,0.46210694313049316,0.2812129259109497,-0.22216543555259705,0.9999966621398926,0.538375973701477,0.33953288197517395,-0.12488250434398651,0.9999960660934448,0.44961485266685486,0.35836660861968994,-0.04587028548121452,0.9999897480010986,0.600446879863739,0.4292775094509125,-0.21883845329284668,0.9812654852867126,0.41312819719314575,0.4584371745586395,-0.11662433296442032,0.9623894691467285,0.6061068177223206,0.3295479416847229,-0.3523058295249939,0.9861061573028564,0.3890976011753082,0.36388450860977173,-0.29812949895858765,0.9958479404449463,0.6098225712776184,0.29104065895080566,-0.3872506618499756,0.9347825646400452,0.37965890765190125,0.3359234035015106,-0.33060628175735474,0.9775218963623047,0.604680061340332,0.2767172157764435,-0.37862616777420044,0.9252102971076965,0.3854944109916687,0.3214646577835083,-0.3253929316997528,0.9749985933303833,0.599511981010437,0.29492491483688354,-0.3520442843437195,0.8872044086456299,0.39504075050354004,0.3339744508266449,-0.3014853596687317,0.9691380262374878,0.5418084263801575,0.5455689430236816,-0.03556551784276962,0.99936443567276,0.4901275038719177,0.5533986687660217,0.035668205469846725,0.9989413619041443,0.5360962152481079,0.7141599655151367,-0.2187679260969162,0.9675166010856628,0.4572567045688629,0.6857766509056091,-0.10422322899103165,0.8812480568885803,0.5668033361434937,0.8389227986335754,-0.06708978861570358,0.9566386342048645,0.4733634889125824,0.8332589864730835,0.056175194680690765,0.9346808195114136,0.5701776146888733,0.8551329970359802,-0.05744209885597229,0.44131308794021606,0.48801499605178833,0.8597437739372253,0.06558963656425476,0.862234354019165,0.5681143999099731,0.8955568671226501,-0.16809041798114777,0.8848391771316528,0.4324609339237213,0.8846540451049805,-0.022686753422021866,0.9297367334365845
0.4642788767814636,0.24944446980953217,-0.27261340618133545,1.0,0.473071813583374,0.23376157879829407,-0.2630104422569275,1.0,0.47733861207962036,0.23377540707588196,-0.2629561424255371,0.9999998807907104,0.4816548228263855,0.23362429440021515,-0.2629605233669281,1.0,0.4630424380302429,0.23419524729251862,-0.2485789954662323,1.0,0.46007809042930603,0.23422972857952118,-0.24853959679603577,0.9999996423721313,0.4570912718772888,0.2344578355550766,-0.24853387475013733,1.0,0.4943392872810364,0.24386164546012878,-0.19503705203533173,0.9999992847442627,0.46121811866760254,0.2437300831079483,-0.12620870769023895,0.9999990463256836,0.47586482763290405,0.2691868245601654,-0.2478851079940796,0.9999992847442627,0.46266117691993713,0.26947253942489624,-0.2277236431837082,0.999995231628418,0.5369617938995361,0.3310268521308899,-0.13258202373981476,0.9999946355819702,0.4471484124660492,0.3456050455570221,-0.05205477401614189,0.999984622001648,0.5966001749038696,0.4202306568622589,-0.23866350948810577,0.9732578992843628,0.41064438223838806,0.44334518909454346,-0.12393569946289062,0.9456300735473633,0.6036328673362732,0.3252110779285431,-0.3766649067401886,0.9811954498291016,0.38695406913757324,0.3557572364807129,-0.3040926456451416,0.9918875098228455,0.607969343662262,0.2888643443584442,-0.41269946098327637,0.9241247773170471,0.37669748067855835,0.32903242111206055,-0.33871668577194214,0.9637540578842163,0.6023660898208618,0.2745750844478607,-0.40376120805740356,0.9164065718650818,0.3830382525920868,0.3156645894050598,-0.3332946300506592,0.960974395275116,0.5973378419876099,0.2919301688671112,-0.37690502405166626,0.8793927431106567,0.39268428087234497,0.3277907371520996,-0.3080243170261383,0.9535427093505859,0.5394777059555054,0.5387645363807678,-0.03280263394117355,0.9991938471794128,0.48774129152297974,0.5463218092918396,0.03290153667330742,0.9986904263496399,0.5415040254592896,0.6942367553710938,-0.23239335417747498,0.9713894128799438,0.4554174542427063,0.6819676160812378,-0.12239088118076324,0.9289613962173462,0.5644883513450623,0.8400189876556396,-0.0720658153295517,0.970984935760498,0.4705808162689209,0.8310490250587463,0.05098220705986023,0.9550155401229858,0.5671897530555725,0.8596482276916504,-0.061240844428539276,0.5582683086395264,0.4849741458892822,0.8570524454116821,0.06184157729148865,0.898921549320221,0.5616315603256226,0.8986240029335022,-0.16889207065105438,0.9192188382148743,0.43116340041160583,0.8836106061935425,-0.029416197910904884,0.9438582062721252
0.4651106894016266,0.23621101677417755,-0.2677655816078186,1.0,0.47419315576553345,0.22045527398586273,-0.25562620162963867,1.0,0.4786323010921478,0.22055047750473022,-0.25555047392845154,0.9999997615814209,0.483119398355484,0.22049307823181152,-0.25554460287094116,1.0,0.4635193347930908,0.22062182426452637,-0.2427915632724762,1.0,0.4602455198764801,0.22049282491207123,-0.24274320900440216,0.9999988079071045,0.45694583654403687,0.220579132437706,-0.24273328483104706,1.0,0.49571698904037476,0.2314261794090271,-0.17573879659175873,0.9999983310699463,0.4599974751472473,0.2305101454257965,-0.11480040848255157,0.9999967813491821,0.4767543375492096,0.2570222318172455,-0.23886442184448242,0.9999978542327881,0.46265363693237305,0.2568563222885132,-0.22099408507347107,0.9999878406524658,0.5348947048187256,0.31845372915267944,-0.11936753988265991,0.9999942779541016,0.44611939787864685,0.3330428898334503,-0.0377563051879406,0.9999628067016602,0.5929422378540039,0.40040481090545654,-0.23869724571704865,0.9725683331489563,0.4107676148414612,0.42214667797088623,-0.10718278586864471,0.9160367250442505,0.598583996295929,0.3076724708080292,-0.390447199344635,0.9866611361503601,0.3886229395866394,0.34100884199142456,-0.29185751080513,0.9891632795333862,0.6036345362663269,0.27192845940589905,-0.42854684591293335,0.9497405290603638,0.37825819849967957,0.31664541363716125,-0.3290161192417145,0.9604530930519104,0.597453236579895,0.26129043102264404,-0.4193979799747467,0.9440637826919556,0.3851441442966461,0.3039977252483368,-0.3233598470687866,0.9589962959289551,0.5920590162277222,0.2787700891494751,-0.39135435223579407,0.9233899712562561,0.39469462633132935,0.31537434458732605,-0.296245276927948,0.9520517587661743,0.5372613072395325,0.5345319509506226,-0.03043782338500023,0.999453604221344,0.48588141798973083,0.5430462956428528,0.03054225444793701,0.9989973902702332,0.5431643128395081,0.678413987159729,-0.25611060857772827,0.9889310002326965,0.4532221257686615,0.6794203519821167,-0.14489176869392395,0.9744191765785217,0.5641143321990967,0.8391358256340027,-0.08095680177211761,0.990616500377655,0.4690631031990051,0.8308533430099487,0.04423214867711067,0.9841320514678955,0.5664359927177429,0.8620267510414124,-0.07239210605621338,0.7565410137176514,0.48422950506210327,0.8568571209907532,0.05648520588874817,0.955352783203125,0.5611101388931274,0.8973239660263062,-0.19755111634731293,0.9644530415534973,0.4286053776741028,0.8852925896644592,-0.041079990565776825,0.9740564227104187
0.4661428928375244,0.22236818075180054,-0.26898521184921265,1.0,0.47369521856307983,0.2057737112045288,-0.2560979723930359,1.0,0.4780396521091461,0.20515018701553345,-0.25603437423706055,1.0,0.48243314027786255,0.20436780154705048,-0.25601765513420105,1.0,0.4629078805446625,0.20792977511882782,-0.24543198943138123,1.0,0.45942726731300354,0.20858904719352722,-0.24539247155189514,0.9999998807907104,0.4559243321418762,0.209456205368042,-0.2453920841217041,1.0,0.49400264024734497,0.21473142504692078,-0.16966700553894043,0.9999998807907104,0.4577864706516266,0.2204817682504654,-0.12166173756122589,0.9999997615814209,0.4779840409755707,0.2415885478258133,-0.23917603492736816,0.9999997615814209,0.46366626024246216,0.2440464198589325,-0.22397243976593018,0.9999983310699463,0.5351570844650269,0.30221718549728394,-0.10571284592151642,0.9999977350234985,0.4438328146934509,0.3228422999382019,-0.045044515281915665,0.9999864101409912,0.5922880172729492,0.3889380693435669,-0.20268109440803528,0.9802994728088379,0.41036850214004517,0.42264774441719055,-0.11807385832071304,0.9768450260162354,0.6003639101982117,0.29827919602394104,-0.36103251576423645,0.987840473651886,0.38477689027786255,0.3404638171195984,-0.3098369538784027,0.9931079149246216,0.6061173677444458,0.264904648065567,-0.39773866534233093,0.9582442045211792,0.3737902045249939,0.315588116645813,-0.34862595796585083,0.9719805121421814,0.599787175655365,0.25270721316337585,-0.4030183255672455,0.9556820392608643,0.3790961802005768,0.3008050322532654,-0.344929575920105,0.970775842666626,0.5943062901496887,0.2687743008136749,-0.36940234899520874,0.9385442137718201,0.38850653171539307,0.31171029806137085,-0.3150733709335327,0.9652420878410339,0.5356085896492004,0.5227386951446533,-0.023123914375901222,0.9998779296875,0.48219719529151917,0.5328909754753113,0.023176565766334534,0.9995749592781067,0.5440632700920105,0.6747367978096008,-0.21182504296302795,0.9963793158531189,0.45390623807907104,0.6814565062522888,-0.12037096917629242,0.9935727119445801,0.5654030442237854,0.8352823257446289,-0.043105341494083405,0.9966685175895691,0.46758541464805603,0.830187201499939,0.07844774425029755,0.9941896200180054,0.5672968029975891,0.859914243221283,-0.03409022092819214,0.8891170024871826,0.4825480878353119,0.8549479842185974,0.09123482555150986,0.9746840000152588,0.567194402217865,0.8903307318687439,-0.16115890443325043,0.9868301749229431,0.4290620684623718,0.886600911617279,-0.010946819558739662,0.9891700148582458
0.46931853890419006,0.21275544166564941,-0.2995452284812927,1.0,0.47640642523765564,0.1946531981229782,-0.2835838794708252,1.0,0.48093119263648987,0.19387169182300568,-0.2835071384906769,1.0,0.4855039715766907,0.1929214745759964,-0.28348636627197266,1.0,0.46490979194641113,0.1969641149044037,-0.2783368229866028,1.0,0.46094077825546265,0.1976105123758316,-0.2783070206642151,1.0,0.45695286989212036,0.19847293198108673,-0.27830252051353455,1.0,0.49609845876693726,0.20327608287334442,-0.1784525364637375,1.0,0.4570292830467224,0.2097558081150055,-0.15243251621723175,0.9999998807907104,0.48111510276794434,0.2321210503578186,-0.2610260546207428,0.9999998807907104,0.46554332971572876,0.23484893143177032,-0.25326016545295715,0.9999992847442627,0.5365851521492004,0.29398784041404724,-0.11107349395751953,0.9999977350234985,0.442465603351593,0.3103037476539612,-0.065913625061512,0.9999854564666748,0.5947218537330627,0.38203293085098267,-0.19987264275550842,0.9938456416130066,0.4093279242515564,0.40234777331352234,-0.1195591539144516,0.9938015341758728,0.6027196645736694,0.28977835178375244,-0.3459743559360504,0.9933475852012634,0.38323917984962463,0.32468926906585693,-0.2816879451274872,0.9977431297302246,0.6081494688987732,0.2568901777267456,-0.37948328256607056,0.9725569486618042,0.37202420830726624,0.30191802978515625,-0.31827685236930847,0.9891806244850159,0.6013299226760864,0.24402348697185516,-0.3913244307041168,0.9711123108863831,0.37706446647644043,0.28826841711997986,-0.31567472219467163,0.9884381890296936,0.5958428978919983,0.25903087854385376,-0.3585452735424042,0.9650530815124512,0.3859018385410309,0.2981368899345398,-0.2869654893875122,0.9874842762947083,0.5356322526931763,0.522769033908844,-0.020155448466539383,0.9999672174453735,0.4808104634284973,0.5301478505134583,0.020263370126485825,0.9998283386230469,0.5425765514373779,0.6828951835632324,-0.1642967164516449,0.9993289709091187,0.4554470479488373,0.6819503903388977,-0.10290037095546722,0.9993618130683899,0.5620275735855103,0.83562833070755,0.02667928673326969,0.9989787340164185,0.46485352516174316,0.8229706883430481,0.13202489912509918,0.9985632300376892,0.5631986260414124,0.8601701259613037,0.03862331062555313,0.9720355868339539,0.47865408658981323,0.8455862402915955,0.14840386807918549,0.9906356930732727,0.5680422782897949,0.8911442160606384,-0.09191761165857315,0.9948990941047668,0.4299542009830475,0.8822798728942871,0.03815538063645363,0.996240496635437
0.47041717171669006,0.2039998173713684,-0.3127085566520691,1.0,0.47765836119651794,0.18624036014080048,-0.2965106964111328,1.0,0.4820787012577057,0.18579180538654327,-0.29645630717277527,1.0,0.4865495264530182,0.18518680334091187,-0.2964453101158142,1.0,0.4663237929344177,0.1876460611820221,-0.2906750738620758,1.0,0.462350070476532,0.18791787326335907,-0.2906237244606018,1.0,0.45835909247398376,0.18841014802455902,-0.29060104489326477,1.0,0.49626415967941284,0.19596189260482788,-0.18505719304084778,1.0,0.45787233114242554,0.19935868680477142,-0.1620018035173416,0.9999998807907104,0.48144784569740295,0.22349433600902557,-0.274130642414093,0.9999997615814209,0.46578899025917053,0.22505174577236176,-0.26528722047805786,0.9999990463256836,0.533314049243927,0.28595811128616333,-0.1226150244474411,0.999997615814209,0.4425104558467865,0.3003803491592407,-0.06650422513484955,0.9999774694442749,0.5934266448020935,0.3647058308124542,-0.21326935291290283,0.9944782257080078,0.40907302498817444,0.38735708594322205,-0.08218735456466675,0.9874300360679626,0.6007014513015747,0.264083594083786,-0.3565376400947571,0.9956589937210083,0.38232824206352234,0.3099522888660431,-0.18170477449893951,0.9966200590133667,0.6058198809623718,0.22894930839538574,-0.3913736939430237,0.9812175035476685,0.3717029392719269,0.2884558439254761,-0.20738038420677185,0.9858971238136292,0.5987805128097534,0.21714256703853607,-0.3908688426017761,0.9788724780082703,0.37702101469039917,0.27582472562789917,-0.2061346024274826,0.9848155975341797,0.5935010313987732,0.23320870101451874,-0.36236676573753357,0.976351261138916,0.3850271999835968,0.2849535346031189,-0.18608349561691284,0.9847915172576904,0.5318640470504761,0.5176339149475098,-0.023757267743349075,0.9999698400497437,0.47918957471847534,0.5240573287010193,0.023874428123235703,0.9998379945755005,0.5386802554130554,0.683868944644928,-0.15575186908245087,0.9987542629241943,0.4547904431819916,0.6818036437034607,-0.0808320939540863,0.9985307455062866,0.5612156391143799,0.8365084528923035,0.0300508551299572,0.9977922439575195,0.46465617418289185,0.8263296484947205,0.14635790884494781,0.9970472455024719,0.5638818144798279,0.8603999614715576,0.041485752910375595,0.9462421536445618,0.4785985052585602,0.84964919090271,0.16175223886966705,0.9857601523399353,0.5651459097862244,0.8929897546768188,-0.08885245770215988,0.9900177121162415,0.4287150502204895,0.8856114149093628,0.05225532501935959,0.9930267333984375
0.4698292315006256,0.19820882380008698,-0.30876708030700684,1.0,0.47657132148742676,0.17934943735599518,-0.2948014438152313,1.0,0.4808744788169861,0.17860835790634155,-0.29474639892578125,1.0,0.4852134585380554,0.17771123349666595,-0.29472434520721436,1.0,0.46550482511520386,0.18114899098873138,-0.28854307532310486,1.0,0.4616324007511139,0.18140727281570435,-0.2885201871395111,1.0,0.45774802565574646,0.1818469613790512,-0.28851208090782166,1.0,0.49470677971839905,0.18575027585029602,-0.19184041023254395,1.0,0.45747122168540955,0.19049513339996338,-0.1627000868320465,0.9999998807907104,0.4807112216949463,0.2155347764492035,-0.27163949608802795,0.9999997615814209,0.465618759393692,0.21750763058662415,-0.26148226857185364,0.9999986886978149,0.5330544710159302,0.2690654397010803,-0.11712000519037247,0.9999984502792358,0.44275861978530884,0.2840692400932312,-0.06620264053344727,0.9999897480010986,0.5953724384307861,0.3484109342098236,-0.19063182175159454,0.9946245551109314,0.4086260199546814,0.3739190697669983,-0.09992958605289459,0.9876625537872314,0.6026818752288818,0.2531515061855316,-0.31028810143470764,0.9931161999702454,0.3814074695110321,0.2964714765548706,-0.24958789348602295,0.9969774484634399,0.6075807213783264,0.21966467797756195,-0.34264546632766724,0.9711100459098816,0.3700375258922577,0.2739189863204956,-0.2823733687400818,0.9886748194694519,0.6002681255340576,0.20738843083381653,-0.3404802680015564,0.9682562351226807,0.37504786252975464,0.2603006362915039,-0.2799217700958252,0.9876834750175476,0.5957516431808472,0.22271794080734253,-0.31501394510269165,0.9633233547210693,0.383005827665329,0.27022993564605713,-0.25479134917259216,0.9874480366706848,0.5330818891525269,0.5067657828330994,-0.02172883227467537,0.9999462366104126,0.4804779589176178,0.5131810307502747,0.021816369146108627,0.9997699856758118,0.5411804914474487,0.6789765954017639,-0.10600193589925766,0.998275637626648,0.455291211605072,0.6746819615364075,-0.08899252861738205,0.9989843964576721,0.5612954497337341,0.8314146399497986,0.06125756353139877,0.9979288578033447,0.4660438597202301,0.8248037695884705,0.11810891330242157,0.9985349178314209,0.5629997849464417,0.8556698560714722,0.07055375725030899,0.9409409165382385,0.48057031631469727,0.8489909768104553,0.1315702497959137,0.9902722239494324,0.5661206245422363,0.8862892985343933,-0.05756162479519844,0.9909349083900452,0.428007036447525,0.8829473853111267,0.023986918851733208,0.995634138584137
0.47149401903152466,0.18562306463718414,-0.3101169466972351,1.0,0.4779171347618103,0.1655648946762085,-0.29531463980674744,1.0,0.48236221075057983,0.16448399424552917,-0.29524534940719604,1.0,0.48684781789779663,0.16324451565742493,-0.2952086329460144,1.0,0.46635565161705017,0.16814273595809937,-0.28996968269348145,1.0,0.46221232414245605,0.16864033043384552,-0.28994020819664,1.0,0.4580509662628174,0.16933897137641907,-0.2899464964866638,1.0,0.4962539076805115,0.1712312549352646,-0.18922588229179382,1.0,0.4569949209690094,0.17862685024738312,-0.1612357199192047,0.9999998807907104,0.4826746881008148,0.2031620293855667,-0.2708117365837097,0.9999997615814209,0.4670071005821228,0.20606589317321777,-0.2617543935775757,0.9999990463256836,0.5338878631591797,0.2565990090370178,-0.11312349885702133,0.9999983310699463,0.4423754811286926,0.2719097137451172,-0.06379041820764542,0.9999868869781494,0.5930278301239014,0.33702728152275085,-0.18037337064743042,0.9916450381278992,0.4067164361476898,0.36123034358024597,-0.09949319064617157,0.9870837926864624,0.6013064980506897,0.2437593936920166,-0.30002671480178833,0.9915675520896912,0.3803533911705017,0.28549227118492126,-0.2538968622684479,0.9956035614013672,0.6066696643829346,0.21037548780441284,-0.3321080803871155,0.9692641496658325,0.36905649304389954,0.26295068860054016,-0.28934013843536377,0.9848537445068359,0.5994231104850769,0.1988850086927414,-0.3320390582084656,0.9671323299407959,0.37451499700546265,0.2490847110748291,-0.2871975600719452,0.9838367104530334,0.5946383476257324,0.2142375260591507,-0.30540817975997925,0.962884783744812,0.38257089257240295,0.2590830624103546,-0.2596554160118103,0.9833530187606812,0.5329150557518005,0.4993065297603607,-0.020882152020931244,0.9999676942825317,0.47942209243774414,0.5057685971260071,0.020954428240656853,0.9998527765274048,0.5438791513442993,0.6719883680343628,-0.10978422313928604,0.9988853335380554,0.4574134945869446,0.6691280603408813,-0.07743540406227112,0.9992596507072449,0.5605404376983643,0.8294183611869812,0.06314046680927277,0.9988442659378052,0.4643792510032654,0.8231723308563232,0.1310606449842453,0.9990119934082031,0.5607271790504456,0.8558626770973206,0.07285318523645401,0.9709417819976807,0.4783852994441986,0.8484083414077759,0.14388999342918396,0.9916622638702393,0.5684394836425781,0.8828962445259094,-0.057907599955797195,0.9947552680969238,0.42683348059654236,0.8828006982803345,0.029446948319673538,0.9968608617782593
0.47242841124534607,0.17822085320949554,-0.30781328678131104,1.0,0.4784819483757019,0.1581607162952423,-0.2947394549846649,1.0,0.48275694251060486,0.1570248007774353,-0.29468125104904175,1.0,0.4870797097682953,0.15573261678218842,-0.2946702241897583,1.0,0.4672970771789551,0.16078035533428192,-0.2885638475418091,1.0,0.46329742670059204,0.16124092042446136,-0.288524866104126,1.0,0.4592847228050232,0.16190838813781738,-0.2885146737098694,1.0,0.4961279332637787,0.16253696382045746,-0.19268032908439636,1.0,0.4584120213985443,0.1699712723493576,-0.1604112982749939,1.0,0.48332399129867554,0.19478337466716766,-0.26944905519485474,0.9999998807907104,0.4682144522666931,0.19775281846523285,-0.25922849774360657,0.9999991655349731,0.5353120565414429,0.24750232696533203,-0.11507536470890045,0.9999990463256836,0.44420403242111206,0.26358333230018616,-0.05482608824968338,0.9999873638153076,0.5959604382514954,0.332157701253891,-0.18722186982631683,0.9958653450012207,0.41265982389450073,0.3547901511192322,-0.04947763681411743,0.9844785928726196,0.6025513410568237,0.23759505152702332,-0.3099886178970337,0.9951775074005127,0.3846092224121094,0.27202001214027405,-0.15407058596611023,0.9964015483856201,0.6072437167167664,0.20426183938980103,-0.3408566117286682,0.9793312549591064,0.37302491068840027,0.2486702799797058,-0.17938044667243958,0.9863634705543518,0.6004632711410522,0.19232453405857086,-0.33950453996658325,0.9768126010894775,0.3776649534702301,0.23559436202049255,-0.17840027809143066,0.9849570393562317,0.5956348180770874,0.20753665268421173,-0.3140436112880707,0.9727014899253845,0.3857923150062561,0.24518825113773346,-0.15884411334991455,0.9843277931213379,0.5328907370567322,0.49356895685195923,-0.023007694631814957,0.9999778270721436,0.47981587052345276,0.49996697902679443,0.023091044276952744,0.9998916387557983,0.5446115136146545,0.6711971163749695,-0.09973703324794769,0.9990577101707458,0.45835429430007935,0.6653751134872437,-0.06037594750523567,0.9991551637649536,0.5606876015663147,0.8313281536102295,0.06595243513584137,0.9988489151000977,0.4663795828819275,0.8230661749839783,0.1419580727815628,0.9988086223602295,0.5612931847572327,0.8576364517211914,0.07550650089979172,0.9641081094741821,0.4805375635623932,0.849419891834259,0.1547960788011551,0.9921379685401917,0.5670866966247559,0.8860850930213928,-0.054033856838941574,0.9949836730957031,0.427335262298584,0.8816975951194763,0.04217476397752762,0.9967964291572571
0.47064557671546936,0.15986281633377075,-0.30224186182022095,1.0,0.477285772562027,0.14145420491695404,-0.28856736421585083,1.0,0.48150086402893066,0.1407933235168457,-0.2885168492794037,1.0,0.4857773184776306,0.13997623324394226,-0.288522869348526,1.0,0.46624332666397095,0.14324036240577698,-0.28081563115119934,1.0,0.4623568058013916,0.14351478219032288,-0.28076615929603577,1.0,0.45845621824264526,0.1440092772245407,-0.2807672619819641,1.0,0.49476781487464905,0.1491866409778595,-0.1900814175605774,1.0,0.4578632414340973,0.1537097990512848,-0.15007135272026062,1.0,0.48112672567367554,0.1781131476163864,-0.26567167043685913,0.9999998807907104,0.4660995900630951,0.1800868958234787,-0.25363627076148987,0.9999996423721313,0.5350053906440735,0.2417536824941635,-0.11581026017665863,0.9999986886978149,0.4423999786376953,0.25820791721343994,-0.036044053733348846,0.9999817609786987,0.5922715067863464,0.326196551322937,-0.18104277551174164,0.9911875128746033,0.41638946533203125,0.35332298278808594,0.023926669731736183,0.9792648553848267,0.5990954637527466,0.22969739139080048,-0.3068646192550659,0.9944479465484619,0.3835609555244446,0.26447081565856934,-0.028416583314538002,0.9944537281990051,0.6033220887184143,0.19771496951580048,-0.3399318754673004,0.9787463545799255,0.3726673722267151,0.24082505702972412,-0.04376045987010002,0.9814171195030212,0.5970892906188965,0.18550994992256165,-0.33986595273017883,0.9753247499465942,0.3745219111442566,0.22749987244606018,-0.0491032749414444,0.9790247082710266,0.5919139981269836,0.19916914403438568,-0.3109293282032013,0.9717816710472107,0.3826572597026825,0.23537105321884155,-0.03438112884759903,0.9793446660041809,0.5323910713195801,0.48812806606292725,-0.027168676257133484,0.9999868869781494,0.4786306321620941,0.49384358525276184,0.02726418897509575,0.9999257326126099,0.5417711734771729,0.6759059429168701,-0.033902399241924286,0.9992583394050598,0.4624145030975342,0.6693594455718994,0.04679654538631439,0.9995115995407104,0.5602952241897583,0.8321693539619446,0.13323524594306946,0.998207688331604,0.46678876876831055,0.8266476988792419,0.22760996222496033,0.9986788630485535,0.5612326264381409,0.8580480813980103,0.14317327737808228,0.943793535232544,0.4805788993835449,0.8539215326309204,0.23788535594940186,0.9886531233787537,0.567903995513916,0.8879560828208923,0.0165090411901474,0.9927703738212585,0.42549386620521545,0.8861261010169983,0.12665048241615295,0.9961064457893372
0.4715348780155182,0.14806191623210907,-0.2797009348869324,1.0,0.4779660105705261,0.13058918714523315,-0.26327380537986755,1.0,0.4821637272834778,0.13023966550827026,-0.263199120759964,1.0,0.4864252507686615,0.12973809242248535,-0.2631939649581909,1.0,0.4667317867279053,0.13168080151081085,-0.2576945424079895,1.0,0.46269527077674866,0.13178786635398865,-0.2576631009578705,1.0,0.45864638686180115,0.13209226727485657,-0.2577008605003357,1.0,0.49425143003463745,0.14024075865745544,-0.15687178075313568,1.0,0.456901878118515,0.1426449716091156,-0.12856653332710266,1.0,0.4815329611301422,0.16724763810634613,-0.24089737236499786,1.0,0.46608710289001465,0.16836005449295044,-0.23232808709144592,0.9999998807907104,0.5330325961112976,0.23635411262512207,-0.09181786328554153,0.9999984502792358,0.439201295375824,0.25069254636764526,-0.015879977494478226,0.9999948740005493,0.5861648321151733,0.326770156621933,-0.1572422832250595,0.9857220649719238,0.41732487082481384,0.35203155875205994,-0.006112287286669016,0.982577383518219,0.599164605140686,0.22375115752220154,-0.2819833755493164,0.9941887855529785,0.38249337673187256,0.2624834179878235,-0.12674115598201752,0.99718177318573,0.6051760911941528,0.1899726390838623,-0.31162703037261963,0.9802010655403137,0.3704923987388611,0.2371528595685959,-0.1549677550792694,0.9914211630821228,0.5998380184173584,0.17715933918952942,-0.31407779455184937,0.9782695770263672,0.3715476095676422,0.22311295568943024,-0.15789276361465454,0.9905201196670532,0.5941078066825867,0.19074329733848572,-0.2868959307670593,0.9756677746772766,0.3802768290042877,0.23129263520240784,-0.13386943936347961,0.9900799989700317,0.5323163866996765,0.4845234751701355,-0.026052188128232956,0.9999921321868896,0.4774046540260315,0.49006229639053345,0.02616557478904724,0.9999785423278809,0.5411170721054077,0.6778291463851929,0.01150134764611721,0.9994925260543823,0.4641733765602112,0.6689041256904602,0.03402085229754448,0.9997623562812805,0.559276819229126,0.831907331943512,0.18740668892860413,0.9990102052688599,0.46707597374916077,0.8282724022865295,0.21937377750873566,0.9993189573287964,0.5587611198425293,0.8587271571159363,0.1979290246963501,0.9659132361412048,0.4805282950401306,0.8555291295051575,0.22962090373039246,0.989781379699707,0.5699262619018555,0.8838756084442139,0.07201918959617615,0.995941698551178,0.42620915174484253,0.8868300318717957,0.1120712161064148,0.9974673986434937
0.47442498803138733,0.13460057973861694,-0.2947659492492676,1.0,0.4813787341117859,0.11882852762937546,-0.2757909893989563,1.0,0.4856478273868561,0.11914274096488953,-0.27569320797920227,1.0,0.48997950553894043,0.11929885298013687,-0.275684654712677,1.0,0.4697948396205902,0.11856219917535782,-0.2722161114215851,1.0,0.46559247374534607,0.11830101162195206,-0.2721952497959137,1.0,0.46136727929115295,0.11823953688144684,-0.2722248435020447,1.0,0.49723243713378906,0.13278217613697052,-0.16196854412555695,1.0,0.45865297317504883,0.13075663149356842,-0.1432875543832779,1.0,0.48389968276023865,0.15663564205169678,-0.25399601459503174,1.0,0.46784600615501404,0.15598958730697632,-0.24812178313732147,0.9999998807907104,0.5333701372146606,0.2320633828639984,-0.09970787912607193,0.9999985694885254,0.4382864832878113,0.2470710128545761,-0.03546161577105522,0.999994158744812,0.5855199098587036,0.31885358691215515,-0.1864815205335617,0.980275571346283,0.41634446382522583,0.3500988781452179,-0.04845041409134865,0.9723601341247559,0.601043701171875,0.21886229515075684,-0.33099231123924255,0.9940443634986877,0.38186174631118774,0.26032957434654236,-0.18668201565742493,0.996313750743866,0.6085034012794495,0.1853872686624527,-0.36437731981277466,0.9813739657402039,0.36991122364997864,0.23339754343032837,-0.2204180657863617,0.9906345009803772,0.6025476455688477,0.17460721731185913,-0.3658100962638855,0.9800791144371033,0.37090548872947693,0.2201215773820877,-0.22351181507110596,0.9899348616600037,0.5961300134658813,0.18858443200588226,-0.33647578954696655,0.9776590466499329,0.3798481822013855,0.22929222881793976,-0.19483068585395813,0.989194393157959,0.5325469970703125,0.48130691051483154,-0.02204989828169346,0.9999921321868896,0.4768969416618347,0.48782679438591003,0.02211834117770195,0.999976396560669,0.5413383841514587,0.6788510084152222,0.021030595526099205,0.9995999932289124,0.4646871089935303,0.6683300733566284,0.036510806530714035,0.9997424483299255,0.5596741437911987,0.8337903618812561,0.1984417736530304,0.9991675615310669,0.4664054811000824,0.829780638217926,0.22439666092395782,0.9993261098861694,0.5586778521537781,0.860886812210083,0.20859968662261963,0.9674387574195862,0.4794555604457855,0.8573623895645142,0.234703928232193,0.9899215698242188,0.5713097453117371,0.8852279782295227,0.08272355794906616,0.9961762428283691,0.42536163330078125,0.8883960247039795,0.11752583831548691,0.9974268078804016
0.47399887442588806,0.12748964130878448,-0.28724056482315063,1.0,0.4811010956764221,0.11161322891712189,-0.26854127645492554,1.0,0.4853694438934326,0.11165046691894531,-0.26847243309020996,1.0,0.4897121489048004,0.11153635382652283,-0.2684829831123352,1.0,0.4695647656917572,0.11219782382249832,-0.26352983713150024,1.0,0.46547001600265503,0.1122654378414154,-0.26349425315856934,1.0,0.4613558351993561,0.11254914849996567,-0.263497531414032,1.0,0.49785280227661133,0.12487999349832535,-0.15873275697231293,1.0,0.45949044823646545,0.12545228004455566,-0.13122233748435974,1.0,0.48399561643600464,0.14904901385307312,-0.24817252159118652,1.0,0.4680752754211426,0.14959463477134705,-0.23985567688941956,1.0,0.5360277891159058,0.2272859513759613,-0.09404085576534271,0.9999992847442627,0.4394250512123108,0.24273531138896942,-0.023794109001755714,0.9999954700469971,0.5878795981407166,0.31569555401802063,-0.18677286803722382,0.9927532076835632,0.41696757078170776,0.3439265489578247,-0.010006804019212723,0.992233395576477,0.6022725701332092,0.21450810134410858,-0.34233424067497253,0.9976109266281128,0.38289517164230347,0.25405558943748474,-0.11787966638803482,0.9986814856529236,0.6093092560768127,0.18119776248931885,-0.3776260018348694,0.9914701581001282,0.3717711865901947,0.22867266833782196,-0.1440439075231552,0.9958387613296509,0.6036342978477478,0.1696593016386032,-0.3805210292339325,0.990498960018158,0.3728976845741272,0.21507644653320312,-0.14714495837688446,0.9952991008758545,0.5968909859657288,0.18331442773342133,-0.34805208444595337,0.989161491394043,0.3815273344516754,0.2235572338104248,-0.12413673102855682,0.9949730634689331,0.5315704941749573,0.481092631816864,-0.022348007187247276,0.9999967813491821,0.475130558013916,0.48649364709854126,0.022420305758714676,0.9999868869781494,0.5411659479141235,0.6783678531646729,0.0087833097204566,0.9998594522476196,0.4657862186431885,0.6708916425704956,0.07224394381046295,0.999910831451416,0.5593430995941162,0.8330148458480835,0.1981988400220871,0.9995843768119812,0.4667268395423889,0.8286070227622986,0.26917022466659546,0.9996681213378906,0.5581232309341431,0.8589830994606018,0.20982150733470917,0.9772656559944153,0.4793315529823303,0.8558304905891418,0.2808857858181,0.9946792125701904,0.5707777142524719,0.8883309960365295,0.080220527946949,0.9982050657272339,0.42616504430770874,0.8883275985717773,0.16390642523765564,0.9989074468612671
0.4730813503265381,0.12110945582389832,-0.2611173391342163,1.0,0.4799264371395111,0.1052810326218605,-0.24396908283233643,1.0,0.4840938150882721,0.10489556938409805,-0.24393725395202637,1.0,0.4883415102958679,0.1043718010187149,-0.24395756423473358,1.0,0.4687580466270447,0.10709644854068756,-0.2368575781583786,1.0,0.46491265296936035,0.10764699429273605,-0.23682287335395813,1.0,0.46104803681373596,0.10840751975774765,-0.23681728541851044,1.0,0.49729180335998535,0.11705330014228821,-0.14177827537059784,1.0,0.460296094417572,0.12139759957790375,-0.10490713268518448,1.0,0.4836061894893646,0.1416800618171692,-0.22499532997608185,1.0,0.4683460295200348,0.14380303025245667,-0.2139197587966919,0.9999998807907104,0.5377127528190613,0.22110752761363983,-0.07685989141464233,0.9999990463256836,0.44159626960754395,0.23867344856262207,0.0006569483084604144,0.9999935626983643,0.5882638692855835,0.31028449535369873,-0.17480474710464478,0.9913555979728699,0.41780218482017517,0.3394782245159149,0.02126164361834526,0.9910059571266174,0.6003108620643616,0.20416320860385895,-0.33871012926101685,0.9973787069320679,0.383695125579834,0.249190092086792,-0.08623670041561127,0.998054027557373,0.6067742109298706,0.1699388325214386,-0.3761780261993408,0.9911391139030457,0.3730352818965912,0.22496849298477173,-0.11198057979345322,0.9940270185470581,0.6013931632041931,0.15752734243869781,-0.3786352276802063,0.9900504350662231,0.37403786182403564,0.2102835327386856,-0.11700195074081421,0.9932466745376587,0.5947139859199524,0.1710958182811737,-0.34435734152793884,0.9885884523391724,0.3824484348297119,0.21830619871616364,-0.09316708147525787,0.9929177761077881,0.529705822467804,0.4773918092250824,-0.023123320192098618,0.9999955892562866,0.47375965118408203,0.4813166856765747,0.023227496072649956,0.9999849796295166,0.5403133630752563,0.6771142482757568,-0.002592687960714102,0.9996637105941772,0.4657560884952545,0.6662560105323792,0.054148685187101364,0.9998503923416138,0.5608030557632446,0.8341600894927979,0.17923831939697266,0.9992252588272095,0.47021007537841797,0.8277074098587036,0.23188404738903046,0.999468982219696,0.5599933862686157,0.8605549931526184,0.19013719260692596,0.9605135917663574,0.4836832880973816,0.8558169007301331,0.24204537272453308,0.9925007224082947,0.5729227662086487,0.8884896039962769,0.0648997575044632,0.9964150190353394,0.4293653964996338,0.8860786557197571,0.12808677554130554,0.9980155229568481
